id,number,title,authors,source,year,pages,citations,url
83112677,1,O‘ZBEKISTON HUDUDIY RIVOJLANISH STRATEGIYALARIDA BARQAROR RIVOJLANISH MAQSADLARINING (SDG) INTEGRATSIYASI,Ma'murov B.,Iqtisodiy Taraqqiyot va Tahlil. 2025. Т. 3. № 9. С. 118-127.,2025,118-127,0,https://elibrary.ru/item.asp?id=83112677
75997486,2,INKLYUZIV TURIZMNI RIVOJLANTIRISH BARQAROR RIVOJLANISHGA ERISHISH VOSITASI SIFATIDA,Karimova G.,Iqtisodiy Taraqqiyot va Tahlil. 2024. Т. 2. № 10. С. 99-104.,2024,99-104,1,https://elibrary.ru/item.asp?id=75997486
82604768,3,MILLIY IQTISODIYOTNI RIVOJLANTIRISHDA MEHMONXONA XIZMATLARI RIVOJINING O‘RNI,Mansurov Z.,Iqtisodiy Taraqqiyot va Tahlil. 2025. Т. 3. № 3. С. 133-137.,2025,133-137,0,https://elibrary.ru/item.asp?id=82604768
79490179,4,ΟЗИҚ-ΟВҚАТ САНΟАТИНИ РИВΟЖЛАНТИРИШДА ХΟРИЖ ТАЖРИБАСИ ВА УНИ РИВОЖЛАНТИРИШ ТЕНДЕНЦИЯЛАРИ,"Дехканова Н., Галимова Ф.",Iqtisodiy Taraqqiyot va Tahlil. 2024. Т. 2. № 11. С. 440-452.,2024,440-452,0,https://elibrary.ru/item.asp?id=79490179
85989730,5,РУШДИ УСТУВОР ВА ДИПЛОМАТИЯИ ЭКОЛОГӢ: САҲМИ ТОҶИКИСТОН ДАР АМАЛИСОЗИИ ҲАДАФҲОИ РУШДИ УСТУВОР ДАР ШАРОИТИ ТАҒЙИРЁБИИ ИҚЛИМ,Асламшозода Ф.А.,"В сборнике: Иқтисоди сабз дар шароити тағйирёбии иқлим: гузариш бо мақсади рушди устувор. Маводи конфронси байналмилалии илмӣ-амалӣ бахшида ба Соли байналмилалии ҳифзи пиряхҳо. Душанбе, 2025. С. 329-334.",2025,329-334,0,https://elibrary.ru/item.asp?id=85989730
88908956,6,XORIJIY MAMLAKATLARDA MINTAQALAR SANOATINI INNOVATSION RIVOJLANTIRISH ASNOSIDA BIZNES RIVOJLANISHDAGI TAJRIBASI,Xusanova G.,Iqtisodiy Taraqqiyot va Tahlil. 2026. Т. 4. № 1. С. 243-252.,2026,243-252,0,https://elibrary.ru/item.asp?id=88908956
73952465,7,TASHKILOTLAR HRM TIZIMIDA XODIMLARNI O‘QITISH VA RIVOJLANTIRISH YO‘NALISHINI RIVOJLANTIRISH ISTIQBOLLARI,"G'aniyeva D., Bakiyeva I.",Iqtisodiy Taraqqiyot va Tahlil. 2024. Т. 2. № 9. С. 93-100.,2024,93-100,0,https://elibrary.ru/item.asp?id=73952465
67885733,8,РАҚАМЛИ ИҚТИСОДИЁТ РИВОЖИДА ТИЖОРАТ БАНК ТЕХНОЛОГИЯЛАРИНИНГ РОЛИ ВА УЛАРНИ РИВОЖЛАНТИРИШ ИСТИҚБОЛЛАРИ,Ҳамроев Ш.,Iqtisodiy Taraqqiyot va Tahlil. 2024. Т. 2. № 5. С. 739-746.,2024,739-746,0,https://elibrary.ru/item.asp?id=67885733
68010291,9,MAMLAKATNI IJTIMOIY-IQTISODIY RIVOJLANTIRISH KONSEPSIYALARI VA STRATEGIYALARINI AMALGA OSHIRISH JARAYONLARIDA INSON KAPITALINI RIVOJLANISH OMILLARI,Ubaydullaev G.,Iqtisodiy Taraqqiyot va Tahlil. 2024. Т. 2. № 6. С. 207-213.,2024,207-213,1,https://elibrary.ru/item.asp?id=68010291
43259301,10,THE SUSTAINABLE SOCIO-ECONOMIC DEVELOPMENT OF RURAL AREAS IN TERMS OF DEVELOPMENT OF ORGANIC FARMING,"Voronkova O.Y., Kovaleva I.V.","В сборнике: IOP Conference Series: Materials Science and Engineering. International Science and Technology Conference ""FarEastCon 2019"". 2020. С. 082016.",2019,082016,13,https://elibrary.ru/item.asp?id=43259301
36319244,11,TERRITORY OF PRIORITY DEVELOPMENT IN THE SYSTEM OF SUSTAINABLE DEVELOPMENT OF THE REGIONS OF THE FAR EASTERN FEDERAL DISTRICT,Osipov V.,Вестник Академии права и управления. 2018. № 3 (52). С. 130-138.,2018,130-138,3,https://elibrary.ru/item.asp?id=36319244
47478957,12,ÜBER DIE ENTWICKLUNGSNOTWENDIGKEIT DER NATIONALEN DIGITALEN INFRASTRUKTUR IM ENTWICKLUNGSRAHMEN DER DIGITALEN WIRTSCHAFT DES LANDES,"Попова Н.С., Бурмистров А.М.","В сборнике: Менеджер года. материалы международного научно-практического форума. Воронеж, 2021. С. 209-212.",2021,209-212,0,https://elibrary.ru/item.asp?id=47478957
54909551,13,SUSTAINABILITY OF ALTAI TOURISM AND CLIMATE CHANGE AS A MAIN THREAT,"Kantarcı K., Kuttubaeva T.A., Basharan M.A.","В сборнике: Туризм как фактор устойчивого развития региона. Сборник материалов Международной научно-практической конференции, Горно-Алтайск, 19-20 апреля 2023 г.. под общей редакцией Т. А. Куттубаевой, Н. И. Клепиковой. 2023. С. 40-47.",2023,40-47,1,https://elibrary.ru/item.asp?id=54909551
43037806,14,ECONOMY LEGALIZATION AND CORRUPTION COMBATING IN THE MODEL OF BALANCED SOCIO-ECONOMIC DEVELOPMENT,"Fleychuk M., Mokiy A., Datsko O., Nakonechna N.","В книге: THE BALANCED DEVELOPMENT OF NATIONAL ECONOMY UNDER THE CONDITIONS OF MODERN WORLD TRANSFORMATIONS. Daugavpils, 2019. С. 6-23.",2019,6-23,1,https://elibrary.ru/item.asp?id=43037806
30733206,15,PROBLEMS OF SUSTAINABLE DEVELOPMENT WORLDWIDE AND PUBLIC POLICIES FOR GREEN ECONOMY,"Vertakova Yu., Plotnikov V.",Економiчний часопис-XXI. 2017. Т. 166. № 7-8. С. 4-10.,2017,4-10,90,https://elibrary.ru/item.asp?id=30733206
54779965,16,POST-COVID 2019 SUSTAINABLE ECONOMIC DEVELOPMENT: A NEW CYCLE OF DIGITAL DEVELOPMENT,"Pirogova O.E., Lysova E.A., Sozinova A.A.","В сборнике: E3S WEB OF CONFERENCES. Topical Problems of Green Architecture, Civil and Environmental Engineering (TPACEE-2021). Moscow, 2021. С. 04017.",2021,04017,0,https://elibrary.ru/item.asp?id=54779965
36709965,17,РАЗВИТИЕ ИНИЦИАТИВ ПАРТНЁРСТВА КАК ФАКТОРА УСКОРЕНИЯ ТЕХНОЛОГИЧЕСКОГО РАЗВИТИЯ,Асадуллина Н.Р.,Часопис економiчних реформ. 2018. № 3 (31). С. 6-11.,2018,6-11,0,https://elibrary.ru/item.asp?id=36709965
35033942,18,ФОРМИРОВАНИЕ И РАЗВИТИЕ СВЯЗНОЙ РЕЧИ ДЕТЕЙ С ЗАДЕРЖКОЙ ПСИХИЧЕСКОГО РАЗВИТИЯ ДОШКОЛЬНОГО ВОЗРАСТА,Клейменова М.В.,Евразийский союз ученых. 2018. № 4-5 (49). С. 58-60.,2018,58-60,5,https://elibrary.ru/item.asp?id=35033942
24270636,19,РАЗВИТИЕ ИНФРАСТРУКТУРЫ РЫНКА ЦЕННЫХ БУМАГ КАК ФАКТОР УСТОЙЧИВОГО РОСТА И РАЗВИТИЯ,Chizhik V.P.,В книге: Innovation Management and Technology in the Era of Globalization: materials of the international scientific-practical conference. материалы международной научно-практической конференции. 2014. С. 70-76.,2014,70-76,2,https://elibrary.ru/item.asp?id=24270636
19979448,20,ДОКЛАД ГЕНЕРАЛЬНОГО СЕКРЕТАРЯ ЮНКТАД XIII СЕССИИ КОНФЕРЕНЦИИ,,"Сер. 1 UNCTAD (XIII)/Конф. ООН по торговле и развитию (ЮНКТАД). Нью-Йорк, 2011.",2011,,0,https://elibrary.ru/item.asp?id=19979448
49699903,21,"ТИПЫ НАРУШЕНИЯ ПСИХИЧЕСКОГО РАЗВИТИЯ: НЕДОРАЗВИТИЕ, ЗАДЕРЖАННОЕ РАЗВИТИЕ, ПОВРЕЖДЁННОЕ РАЗВИТИЕ, ИСКАЖЕННОЕ РАЗВИТИЕ, ДИСГАРМОНИЧНОЕ РАЗВИТИЕ",Куфтерина А.С.,"В сборнике: ПСИХОЛОГИЯ И ПЕДАГОГИКА В КОНТЕКСТЕ МЕЖДИСЦИПЛИНАРНЫХ ИССЛЕДОВАНИЙ. сборник статей Международной научно-практической конференции. Уфа, 2022. С. 103-105.",2022,103-105,0,https://elibrary.ru/item.asp?id=49699903
54334138,22,РАЗВИТИЕ МЕХАНИЗМОВ ГОСУДАРСТВЕННОГО УПРАВЛЕНИЯ РАЗВИТИЕМ МАЛОГО ПРЕДПРИНИМАТЕЛЬСТВА (НА ПРИМЕРЕ МИНИСТЕРСТВА ЭКОНОМИЧЕСКОГО РАЗВИТИЯ ЧЕЛЯБИНСКОЙ ОБЛАСТИ),"Лейсле И.А., Барчукова Т.А.","В сборнике: Актуальные проблемы управления, экономики и финансов в контексте глобальных вызовов. Сборник статей XXVII международной научно-практической конференции, посвященной 65-летию Уральского филиала Финуниверситета. Челябинск, 2023. С. 70-79.",2023,70-79,0,https://elibrary.ru/item.asp?id=54334138
41474449,23,СОЦИАЛЬНО-ЭКОНОМИЧЕСКОЕ РАЗВИТИЕ ЧЕРЕЗ ПРИЗМУ ИНДЕКСОВ ЧЕЛОВЕЧЕСКОГО РАЗВИТИЯ И РАЗВИТИЯ ЧЕЛОВЕЧЕСКОГО КАПИТАЛА,"Кузнецова М.В., Ивашина Н.С.",В сборнике: Устойчивое развитие территорий: теория и практика. Материалы X Всероссийской научно-практической конференции с международным участием. В 2-х томах. 2019. С. 357-359.,2019,357-359,11,https://elibrary.ru/item.asp?id=41474449
80353989,24,СТРАТЕГИЯ РАЗВИТИЯ ПОТРЕБИТЕЛЬСКОГО ПОВЕДЕНИЯ В ОСОБЕННОСТИ ИННОВАЦИОННОГО РАЗВИТИЯ И ЭФФЕКТИВНОГО ПРИМЕНЕНИЯ В РАЗВИТИИ РОССИИ,Белова А.О.,"В сборнике: International Forum on Innovation and Sustainability. Conference Proceedings. Seattle, USA, 2025. С. 4-8.",2025,4-8,0,https://elibrary.ru/item.asp?id=80353989
30346895,25,"РАЗВИТИЕ, УСТОЙЧИВОЕ РАЗВИТИЕ И СБАЛАНСИРОВАННОЕ УСТОЙЧИВОЕ РАЗВИТИЕ И ИХ ВЗАИМОСВЯЗЬ НА УРОВНЕ РЕГИОНА: ТЕРМИНОЛОГИЧЕСКИЕ АСПЕКТЫ",Грузневич Е.С.,"В сборнике: Россия: тенденции и перспективы развития. Ежегодник. Москва, 2017. С. 839-844.",2017,839-844,58,https://elibrary.ru/item.asp?id=30346895
25257008,26,РАЗВИТИЕ ТРАНСПОРТНОЙ ИНФРАСТРУКТУРЫ КАК ФАКТОР СОЦИАЛЬНО-ЭКОНОМИЧЕСКОГО РАЗВИТИЯ РЕГИОНА (НА ПРИМЕРЕ РАЗВИТИЯ АВТОДОРОЖНОЙ СЕТИ РЕСПУБЛИКИ КОМИ),Зыбин Е.А.,В сборнике: УПРАВЛЕНЧЕСКИЕ АСПЕКТЫ РАЗВИТИЯ СЕВЕРНЫХ ТЕРРИТОРИЙ РОССИИ. Материалы Всероссийской научной конференции (с международным участием). Коми республиканская академия государственной службы и управления. 2015. С. 63-66.,2015,63-66,0,https://elibrary.ru/item.asp?id=25257008
26318378,27,"ОСОБЕННОСТИ И РАЗЛИЧИЯ ПОНЯТИЙ ""РАЗВИТИЕ"", ""ЭКОНОМИЧЕСКОЕ РАЗВИТИЕ"" И ""РАЗВИТИЕ ОРГАНИЗАЦИИ""","Макеенко М.В., Лящук А.В.","В сборнике: ЭКОНОМИКА И УПРАВЛЕНИЕ. сборник научных трудов. Министерство образования и науки РФ; ФГБОУ ВО ""Санкт-Петербургский государственный экономический университет"". Санкт-Петербург, 2015. С. 125-129.",2015,125-129,4,https://elibrary.ru/item.asp?id=26318378
82745892,28,"РАЗВИТИЕ МЕЛКОЙ МОТОРИКИ РУК КАК СРЕДСТВО РАЗВИТИЯ КОММУНИКАТИВНЫХ СПОСОБНОСТЕЙ МЛАДШИХ ДОШКОЛЬНИКОВ, В РАМКАХ РАЗВИТИЯ СОЦИАЛЬНОГО ИНТЕЛЛЕКТА","Артеменко И.В., Приц А.С., Белоус Т.Н.","В сборнике: Общество, интеллект, инициатива в контексте междисциплинарных исследований. Сборник статей Международной научно-практической конференции. Уфа, 2025. С. 102-105.",2025,102-105,0,https://elibrary.ru/item.asp?id=82745892
28284154,29,СТИМУЛИРОВАНИЕ РАЗВИТИЯ РЕЧИ У ДЕТЕЙ С ЗАДЕРЖКОЙ ПСИХИЧЕСКОГО РАЗВИТИЯ ЧЕРЕЗ РАЗВИТИЕ МЕЛКОЙ МОТОРИКИ,Кондратьева И.А.,"Педагогический опыт: теория, методика, практика. 2017. № 1-2 (10). С. 177-181.",2017,177-181,0,https://elibrary.ru/item.asp?id=28284154
43069752,30,"АНАЛИЗ МЕЖДУНАРОДНОГО ОПЫТА И ЛУЧШЕЙ ПРАКТИКИ РАЗВИТИЯ ТЕРРИТОРИЙ ПРОМЫШЛЕННОГО РАЗВИТИЯ, АНАЛОГИЧНЫХ ТЕРРИТОРИЯМ ОПЕРЕЖАЮЩЕГО СОЦИАЛЬНО-ЭКОНОМИЧЕСКОГО РАЗВИТИЯ",Бочарова Ю.Н.,Самоуправление. 2020. Т. 2. № 2 (119). С. 89-92.,2020,89-92,9,https://elibrary.ru/item.asp?id=43069752
82845243,31,СТРАТЕГИЧЕСКОЕ РАЗВИТИЕ ПРЕДПРИЯТИЯ В КОНТЕКСТЕ РЕАЛИЗАЦИИ ПОВЕСТКИ УСТОЙЧИВОГО РАЗВИТИЯ: АКТУАЛЬНЫЕ ПРОБЛЕМЫ И ПЕРСПЕКТИВЫ РАЗВИТИЯ,"Семенов А.А., Смирнова Н.Н.","В сборнике: Социогуманитарные и правовые проблемы современного общества. материалы XXIV Всероссийской научно-практической конференции, посвященной Году защитника Отечества в Российской Федерации, Году Победы и патриотизма в Чувашской Республике. Чебоксары, 2025. С. 137-142.",2025,137-142,2,https://elibrary.ru/item.asp?id=82845243
80537829,32,РАЗВИТИЕ ИНФРАСТРУКТУРЫ И МЕРЫ ПОДДЕРЖКИ РАЗВИТИЯ ИНФРАСТРУКТУРЫ КАК ФАКТОР ОПЕРЕЖАЮЩЕГО РАЗВИТИЯ ЭКОНОМИКИ,Вдовин И.А.,Бизнес. Общество. Власть. 2025. № 55. С. 128-148.,2025,128-148,1,https://elibrary.ru/item.asp?id=80537829
47503632,33,ДОГОНЯЮЩЕЕ РАЗВИТИЕ VS. ОПЕРЕЖАЮЩЕЕ РАЗВИТИЕ: ОТ ТЕОРЕТИЧЕСКИХ МОДЕЛЕЙ К ПРАКТИКАМ ГОСУДАРСТВА РАЗВИТИЯ,"Левин С.Н., Саблин К.С.",Journal of Economic Regulation. 2021. Т. 12. № 4. С. 60-70.,2021,60-70,22,https://elibrary.ru/item.asp?id=47503632
67353722,34,РАЗВИТИЕ ТУРИЗМА В РЕГИОНЕ (НА МАТЕРИАЛАХ ДЕПАРТАМЕНТА РАЗВИТИЯ ТУРИЗМА МИНИСТЕРСТВА ЭКОНОМИЧЕСКОГО РАЗВИТИЯ РЕСПУБЛИКИ ХАКАСИЯ),Коханин Д.А.,Вестник Хакасского государственного университета им. Н.Ф. Катанова. 2024. № 1 (47). С. 73-76.,2024,73-76,3,https://elibrary.ru/item.asp?id=67353722
67803520,35,МЕХАНИЗМ ФОРМИРОВАНИЯ СТРАТЕГИИ РАЗВИТИЯ РЕГИОНА НА ОСНОВЕ ОЦЕНКИ ПЕРСПЕКТИВ ЕГО РАЗВИТИЯ В РАМКАХ КОНЦЕПЦИИ УСТОЙЧИВОГО РАЗВИТИЯ,Бородин С.Н.,"В сборнике: Современные вопросы устойчивого развития общества в эпоху трансформационных процессов (шифр -МКСВ). Сборник материалов XVII Международной научно-практической конференции. Москва, 2024. С. 212-218.",2024,212-218,4,https://elibrary.ru/item.asp?id=67803520
15510923,36,РАЗВИТИЕ РЕЧИ - РАЗВИТИЕ ЛИЧНОСТИ - РАЗВИТИЕ ЭТНОСА,Кошкаров В.Л.,Новые ценности образования. 2010. Т. 46. № 4. С. 134-142.,2010,134-142,0,https://elibrary.ru/item.asp?id=15510923
39492206,37,СРАВНИТЕЛЬНЫЙ АНАЛИЗ УРОВНЯ РАЗВИТИЯ ПАМЯТИ У РЕБЕНКА С НОРМАЛЬНЫМ РАЗВИТИЕМ И РЕБЕНКА С ЗАДЕРЖКОЙ ПСИХИЧЕСКОГО РАЗВИТИЯ,"Савенкова Е.О., Манаков А.С., Зверева Т.С.",Теория и практика современной науки. 2019. № 8 (50). С. 101-104.,2019,101-104,1,https://elibrary.ru/item.asp?id=39492206
54327936,38,РАЗВИТИЕ МЕХАНИЗМОВ ГОСУДАРСТВЕННОГО УПРАВЛЕНИЯ РАЗВИТИЕМ МАЛОГО ПРЕДПРИНИМАТЕЛЬСТВА (НА ПРИМЕРЕ МИНИСТЕРСТВА ЭКОНОМИЧЕСКОГО РАЗВИТИЯ ЧЕЛЯБИНСКОЙ ОБЛАСТИ),"Лейсле И.А., Барчукова Т.А.","В сборнике: Современные тенденции управления, экономики и финансов в эпоху цифровизации. Сборник статей по итогам XIX Всероссийской научно-практической конференции студентов, магистрантов, аспирантов с международным участием. 2023. С. 234-240.",2023,234-240,0,https://elibrary.ru/item.asp?id=54327936
82517930,39,ОСОБЕННОСТИ НРАВСТВЕННОГО РАЗВИТИЯ ДОШКОЛЬНИКОВ С НОРМАТИВНЫМ РАЗВИТИЕМ И С ЗАДЕРЖКОЙ ПСИХИЧЕСКОГО РАЗВИТИЯ,Дрыгина О.С.,"В сборнике: Мир без границ. Материалы XV Всероссийской научно-практической конференции студентов и молодых ученых. Ставрополь, 2024. С. 35-41.",2024,35-41,0,https://elibrary.ru/item.asp?id=82517930
27251182,40,ОСОБЕННОСТИ РАЗВИТИЯ ПОЗНАВАТЕЛЬНЫХ ПРОЦЕССОВ У ДЕТЕЙ ДОШКОЛЬНОГО ВОЗРАСТА С НОРМАЛЬНЫМ РАЗВИТИЕМ И С ЗАДЕРЖКОЙ ПСИХИЧЕСКОГО РАЗВИТИЯ,Смирнова А.Н.,"В сборнике: Актуальные проблемы психологии образования. сборник научных статей. ФГБОУ ВПО «Ярославский государственный педагогический университет им. К.Д Ушинского». Ярославль, 2014. С. 77-82.",2014,77-82,2,https://elibrary.ru/item.asp?id=27251182
38540696,41,ОСНОВА КОГНИТИВНОГО РАЗВИТИЯ ДЕТЕЙ С ТЯЖЕЛЫМИ МНОЖЕСТВЕННЫМИ НАРУШЕНИЯМИ РАЗВИТИЯ - КИНЕТИЧЕСКОЕ И КИНЕСТЕТИЧЕСКОЕ РАЗВИТИЕ РЕБЕНКА,"Анохина М.Н., Солдатова Н.Г.",Молодой ученый. 2019. № 27 (265). С. 233-235.,2019,233-235,0,https://elibrary.ru/item.asp?id=38540696
87997426,42,РАЗВИТИЕ РЕЧИ ДЕТЕЙ С ТЯЖЕЛЫМИ МНОЖЕСТВЕННЫМИ НАРУШЕНИЯМИ РАЗВИТИЯ (ТМНР) ЧЕРЕЗ ПРЕДМЕТНО-ПРАКТИЧЕСКУЮ ДЕЯТЕЛЬНОСТЬ И МУЗЫКАЛЬНОЕ РАЗВИТИЕ,"Лисовицкая Ю.М., Лукьянова К.Р., Кислицына С.И.","В сборнике: Педагогика: вчера, сегодня, завтра. сборник статей V Международной научно-практической конференции. Пенза, 2025. С. 196-198.",2025,196-198,0,https://elibrary.ru/item.asp?id=87997426
64892893,43,РАЗВИТИЕ СПОРТИВНОЙ ИНДУСТРИИ КАК ФАКТОРА РАЗВИТИЯ СОЦИАЛЬНО-ЭКОНОМИЧЕСКОГО РАЗВИТИЯ РЕГИОНА,Хайруллина Е.Г.,"В сборнике: Дни студенческой науки. Сборник материалов V Международной студенческой конференции. Казань, 2023. С. 202-208.",2023,202-208,0,https://elibrary.ru/item.asp?id=64892893
50001295,44,"РАЗВИТИЕ РЕГИОНА: ОЦЕНКА ЭКОНОМИЧЕСКОГО РАЗВИТИЯ РЕГИОНОВ РОССИИ (НА ПРИМЕРЕ ОРЕНБУРГСКОЙ ОБЛАСТИ), КЛЮЧЕВЫЕ ЭКОНОМИЧЕСКИЕ ФАКТОРЫ РАЗВИТИЯ",Зимин В.С.,Обществознание и социальная психология. 2022. № 9 (39). С. 231-236.,2022,231-236,9,https://elibrary.ru/item.asp?id=50001295
50331036,45,"ИНСТИТУТЫ РАЗВИТИЯ РЕГИОНАЛЬНОГО УПРАВЛЕНИЯ НОВОЙ МОДЕЛИ ЭКОНОМИЧЕСКОГО РОСТА (ТЕРРИТОРИИ ОПЕРЕЖАЮЩЕГО РАЗВИТИЯ, ТЕРРИТОРИИ ОПЕРЕЖАЮЩЕГО СОЦИАЛЬНО-ЭКОНОМИЧЕСКОГО РАЗВИТИЯ)",Степанов Н.С.,Вестник университета. 2023. № 1. С. 106-113.,2023,106-113,27,https://elibrary.ru/item.asp?id=50331036
23030956,46,"АНАЛИЗ ПОНЯТИЙ ""РАЗВИТИЕ"", ""РАЗВИТИЕ МЫШЛЕНИЯ"", ""РАЗВИТИЕ ЕСТЕСТВЕННОНАУЧНОГО МЫШЛЕНИЯ""",Суровикина С.А.,Развитие мышления в процессе обучения физике. 2010. № 1 (6). С. 5-11.,2010,5-11,6,https://elibrary.ru/item.asp?id=23030956
30038428,47,"КЛАСТЕРНОЕ ПРОСТРАНСТВЕННОЕ РАЗВИТИЕ: ОСНОВНЫЕ ПОЛОЖЕНИЯ ПРОГРАММ КЛАСТЕРНОГО РАЗВИТИЯ, НОВЫЕ ТЕНДЕНЦИИ КЛАСТЕРНОГО РАЗВИТИЯ",Суханова П.А.,"В сборнике: КЛАСТЕРЫ В ЭКОНОМИКЕ РОССИИ: СУЩНОСТЬ, ПРОБЛЕМЫ И ПЕРСПЕКТИВЫ РАЗВИТИЯ. сборник статей по итогам Международной научно-практической конференции. 2017. С. 126-129.",2017,126-129,4,https://elibrary.ru/item.asp?id=30038428
60251191,48,ВЗАИМОСВЯЗЬ РАЗВИТИЯ СЕЛЬСКОГО ХОЗЯЙСТВА И АГРОПРОМЫШЛЕННОГО КОМПЛЕКСА С УСТОЙЧИВЫМ РАЗВИТИЕМ СЕЛЬСКИХ ТЕРРИТОРИЙ (ВКЛЮЧАЯ РАЗВИТИЕ СОЦИАЛЬНОЙ ИНФРАСТРУКТУРЫ),"Жданкина И.Ю., Нечаева М.Л., Сысоева Ю.Ю.",Региональная экономика: теория и практика. 2024. Т. 22. № 2 (521). С. 301-315.,2024,301-315,4,https://elibrary.ru/item.asp?id=60251191
66962170,49,DEVELOPMENT OF LOGICAL THINKING IN PRIMARY SCHOOL CHILDREN WITH IMPAIRED MENTAL FUNCTION BY CHESS LESSONS,EninaYulia V.,"В сборнике: Актуальные проблемы профессиональной сферы в современном мире. Материалы XI Международной научно-практической конференции молодых ученых на иностранных языках. Екатеринбург, 2024. С. 373-377.",2024,373-377,0,https://elibrary.ru/item.asp?id=66962170
43068391,50,АЙЫЛДЫН ӨНҮГҮШҮ-АЙМАКТАРДЫН ӨНҮГҮШҮНҮН КӨРСӨТКҮЧҮ КАТАРЫ,Мендибаев Н.,Вестник Ошского государственного университета. 2020. № 1-1. С. 250-259.,2020,250-259,0,https://elibrary.ru/item.asp?id=43068391
49828043,51,ИНСАНДЫН АДЕП-АХЛАКТЫК ӨНҮГҮҮСҮ ЖАНА ЖАРАНДАРДЫН ӨЗҮН-ӨЗҮ ТААНУУСУН ӨНҮКТҮРҮҮ БҮГҮНКҮ КҮНДҮН ТАЛАБЫ,"Маматов А., Алибаев А.",Известия ВУЗов Кыргызстана. 2022. № 4. С. 166-169.,2022,166-169,1,https://elibrary.ru/item.asp?id=49828043
44100324,52,THE ROLE OF UNIVERSITIES IN HUMAN CAPITAL DEVELOPMENT IN THE COURSE OF INNOVATIVE DEVELOPMENT OF ECONOMY,Zhakhanova Z.R.,Вестник университета Туран. 2020. № 3 (87). С. 211-216.,2020,211-216,1,https://elibrary.ru/item.asp?id=44100324
54231369,53,"АҲАМИЯТИ ЭЪЛОН НАМУДАНИ СОЛҲОИ 2019-2021 “СОЛИ РУШДИ ДЕҲОТ, САЙЁҲӢ ВА ҲУНАРҲОИ МАРДУМӢ”, ДАР РУШДИ ИҚТИСОДИЁТИ ҶУМҲУРИИ ТОҷИКИСТОН","Муртазозода Ҷ.С., Абдулхонов Ф.М., Эмомализода Н.Э.",Маҷаллаи академии ҳуқуқ. 2019. № 1 (29). С. 9-13.,2019,9-13,0,https://elibrary.ru/item.asp?id=54231369
42999041,54,CONCEPTUAL ANALYSIS OF STRATEGIC INDICATOR OF SUSTAINABLE DEVELOPMENT RECOGNIZING THE INSTITUTIONAL FACTORS OF INNOVATION DEVELOPMENT,Hdeib T.S.,Экономика и предпринимательство. 2020. № 6 (119). С. 1106-1111.,2020,1106-1111,7,https://elibrary.ru/item.asp?id=42999041
42899845,55,DEVELOPMENT OF NEW TYPES OF TOURISM IN THE REGIONS OF UZBEKISTAN IN TERMS OF URBAN DEVELOPMENT,Rakhmonova G.A.Q.,Вестник науки и образования. 2020. № 10-3 (88). С. 9-11.,2020,9-11,0,https://elibrary.ru/item.asp?id=42899845
42896913,56,ЦІЛІ СТАЛОГО РОЗВИТКУ В КОНТЕКСТІ ФОРМУВАННЯ ТА РОЗВИТКУ ЛЮДСЬКОГО КАПІТАЛУ,"Красностанова Н.Е., Стоян Р.Г.",Бізнес Інформ. 2020. № 2 (505). С. 422-428.,2020,422-428,1,https://elibrary.ru/item.asp?id=42896913
80489338,57,РУШДИ ТАСАВВУРОТ ОИД БА ТАШАККУЛ ВА РУШДИ ФАРҲАНГИ МУОШИРАТ,Давлатзода Р.,Паёми Донишгоҳи миллии Тоҷикистон. 2022. № 4. С. 283-289.,2022,283-289,0,https://elibrary.ru/item.asp?id=80489338
54329619,58,РАЗВИТИЕ ИННОВАЦИОННОГО СЕРВИСА КАК ОСНОВА УСТОЙЧИВОГО РАЗВИТИЯ ИНДУСТРИИ ТУРИЗМА,Лутфуллаева Р.А.,Qazaqtaný. 2023. № 2 (18). С. 124-131.,2023,124-131,2,https://elibrary.ru/item.asp?id=54329619
60095044,59,ENHANCING CRITICAL THINKING SKILLS IN LEGAL PRACTICE: THE USE OF REAL-WORLD SCENARIOS FOR LAWYER TRAINING AND DEVELOPMENT,Rasulova M.,"В сборнике: Science and technology research - 2024. сборник статей Международной научно-практической конференции. Петрозаводск, 2024. С. 221-224.",2024,221-224,0,https://elibrary.ru/item.asp?id=60095044
45703784,60,"ՖԻՆԱՆՍԱԿԱՆ ԶԱՐԳԱՑՄԱՆ ՆՇԱՆԱԿՈՒԹՅՈՒՆԸ, ԿԱՄ ԻՆՉՈ՞Ւ ԷՐ ԿԱՊԻՏԱԼԻ ՇՈՒԿԱՅԻ ԶԱՐԳԱՑՄԱՆ ԾՐԱԳՐԻ ԸՆԴՈՒՆՈՒՄՆ ԱՆՀՐԱԺԵՇՏՈՒԹՅՈՒՆ",Կարապետյան,Ամբերդ Տեղեկագիր. 2020. № 4 (5). С. 38-42.,2020,38-42,0,https://elibrary.ru/item.asp?id=45703784
67882109,61,"HOW SUBPROGRAM “TECHNICAL AND TECHNOLOGICAL MODERNIZATION, INNOVATIVE DEVELOPMENT” WILL HELP RUSSIAN AGRICULTURE","Makarova E.P., Makarov P.P.","В сборнике: Управление и экономика агробизнеса. Сборник трудов, посвященный 55-летию аграрного факультета, 15-летию кафедры управления и экономики агробизнеса, 55-летию Российского университета дружбы народов. Москва, 2014. С. 165-168.",2014,165-168,2,https://elibrary.ru/item.asp?id=67882109
52457797,62,EFFECTIVE COLLABORATION FOR SUSTAINABLE RURAL TOURISM DEVELOPMENT IN KAZAKHSTAN: PROMOTING ECONOMIC DEVELOPMENT AND CULTURAL PRESERVATION,"Nesipbekova A.S., Karimbaeva M.A., Turganzhan Z., Erbolatov M.E.",Молодой ученый. 2023. № 16 (463). С. 81-83.,2023,81-83,0,https://elibrary.ru/item.asp?id=52457797
66961853,63,PLOT-ROLE-PLAYING GAME AS A MEANS OF COMMUNICATION DEVELOPMENT IN OLDER PRESCHOOL CHILDREN WITH MENTAL RETARDATION,Bulmasova N.V.,"В сборнике: Актуальные проблемы профессиональной сферы в современном мире. Материалы XI Международной научно-практической конференции молодых ученых на иностранных языках. Екатеринбург, 2024. С. 221-227.",2024,221-227,0,https://elibrary.ru/item.asp?id=66961853
80102959,64,МЕКТЕПАЛДЫ ДАЯРЛЫҚ ТОП БАЛАЛАРЫНЫҢ ИНТЕЛЛЕКТУАЛДЫҚ ДАМУЫН ТАНЫМДЫҚ ОЙЫНДАР АРҚЫЛЫ ДАМЫТУ,Баймуханова Б.К.,Батыс Қазақстан инновациялық-технологиялық университетінің хабаршысы. 2022. Т. 23. № 3. С. 107-112.,2022,107-112,0,https://elibrary.ru/item.asp?id=80102959
89078644,65,САЙЁҲИИ ЭКОЛОГӢ - ШАРОИТИ МУСОИД БА ИҚТИСОДИ «САБЗ» ВА РУШДИ УСТУВОР,"Алимова М.А., Аъзамов Қ.Б.","В сборнике: Масъалаҳои мубрами гузариш ба иқтисоди сабз дар Осиёи марказӣ. Маводи конференсияи байналмилалии илмӣ-амалӣ. Душанбе, 2026. С. 203-208.",2026,203-208,0,https://elibrary.ru/item.asp?id=89078644
89197994,66,"FEATURES OF THE DEVELOPMENT OF SPORTS IN THE ISLAMIC REPUBLIC OF IRAN: IMPORTANCE, REASONS FOR UNDERDEVELOPMENT AND WAYS TO IMPROVE THE SITUATION","Shahini F., Sirakovskaya Y.V.","В сборнике: Modern University Sport Science. Publication of scientific abstracts. The XIX Annual International Conference for Students and Young Researchers. Moscow, 2025. С. 592-596.",2025,592-596,0,https://elibrary.ru/item.asp?id=89197994
54126556,67,ТАМОЮЛҲОИ РУШДИ НИЗОМИ БОНКИИ ҶУМҲУРИИ ТОҶИКИСТОН ВА ИМКОНИЯТИ РУШДИ БОНКДОРИИ ИСЛОМӢ,Раҳмонов З.А.,Паёми молия ва иқтисод. 2023. № 1 (35). С. 328-341.,2023,328-341,0,https://elibrary.ru/item.asp?id=54126556
82683596,68,THE DEVELOPMENT OF COTTON GROWING IN TURKESTAN AS AN INDICATOR OF THE DEVELOPMENT OF RUSSIAN CIVILIZATION IN THE LATE XIX - EARLY XX CENTURY,Korotkov E.A.,"В сборнике: Языки и культуры: исторический опыт и перспективы развития. Альманах. Материалы студенческой научно-практической конференции с международным участием. Москва, 2024. С. 85-89.",2024,85-89,1,https://elibrary.ru/item.asp?id=82683596
42896473,69,РОЛЬ ДЕРЖАВНО-ПРИВАТНОГО ПАРТНЕРСТВА В РОЗБУДОВІ КРИТИЧНОЇ ІНФРАСТРУКТУРИ ДЛЯ ДОСЯГНЕННЯ,"Лук'яненко І.Г., Мар'янович М.Е.",Бізнес Інформ. 2020. № 1 (504). С. 291-297.,2020,291-297,1,https://elibrary.ru/item.asp?id=42896473
45714558,70,ISSUES ON ECONOMIC DEVELOPMENT AND HUMAN INNER PROSPERITY,Oyunchimeg B.,М. Рыскулбеков атындагы Кыргыз экономикалык университетинин кабарлары. 2015. № 3 (33). С. 161-162.,2015,161-162,0,https://elibrary.ru/item.asp?id=45714558
50055228,71,"GLOBAL ENVIRONMENTAL AGENDA: DEVELOPMENTS AHEAD, SUSTAINABLE ENERGY-ECOLOGICAL DIMENSIONS FOR RUSSIA, JAPAN, AND SOUTHEAST ASIA",Mishchenko Ya.V.,RUDN Journal of Economics. 2022. Т. 30. № 4. С. 499-511.,2022,499-511,5,https://elibrary.ru/item.asp?id=50055228
58508029,72,IMPACT OF THE PEDAGOGICAL UNIVERSITY DEVELOPMENT PROJECT ON KAZAKHSTANI ENGLISH TEACHERS,"Ismagulova A.E., Ryspayeva D.S., Zholdabayeva A.S., Furman O.V.",Bulletin of Shokan Ualikhanov Kokshetau University. Philological Series. 2023. № 4. С. 143-155.,2023,143-155,0,https://elibrary.ru/item.asp?id=58508029
66962368,73,DEVELOPING COGNITIVE FUNCTIONS IN CHILDRENDELAYED OF MENTAL DEVELOPMENT BY MEANS OF NEUROPSYCOLOGICAL CORRECTION GAMES AND EXERCISES,Klinova A.N.,"В сборнике: Актуальные проблемы профессиональной сферы в современном мире. Материалы XI Международной научно-практической конференции молодых ученых на иностранных языках. Екатеринбург, 2024. С. 465-470.",2024,465-470,0,https://elibrary.ru/item.asp?id=66962368
54172072,74,ORGANIZM POSTNATAL RIVOJLANISH DAVRIDA YURAKNING O'SISH VA RIVOJLANISH DINAMIKASI,Ziyodullaev M.M.,Tibbiyotda angi Kun. 2022. № 11 (49). С. 108-111.,2022,108-111,0,https://elibrary.ru/item.asp?id=54172072
89079629,75,"АРЗЁБИИ ТАЪСИРИ РАҚАМИКУНОНӢ БА РУШДИ ИҶТИМОИЮ ИҚТИСОДӢ: ОМИЛҲО, МЕХАНИЗМҲО ВА АФЗАЛИЯТҲОИ РУШД","Саидзода А.С., Боев Н.М., Ҳакимов Қ.Ш.","Паёми Донишкадаи омӯзгории Тоҷикистон дар ноҳияи Рашт. Бахши илмҳои ҳуқуқ, таърих ва иқтисод. 2026. № 1 (7). С. 173-180.",2026,173-180,0,https://elibrary.ru/item.asp?id=89079629
42920642,76,ДЕРЖАВНА ПІДТРИМКА РОЗВИТКУ САДІВНИЦТВА В УКРАЇНІ ЯК ОДИН ІЗ НАПРЯМІВ АКТИВІЗАЦІЇ РОЗВИТКУ ГАЛУЗІ,"Томашевська О.А., Павленко Я.С.",Colloquium-Journal. 2020. № 12-7 (64). С. 33-36.,2020,33-36,0,https://elibrary.ru/item.asp?id=42920642
80400383,77,РУШДИ ИЛМҲОИ ТАБИАТШИНОСӢ ВА РИЁЗӢ ОМИЛИ КОҲИШДИҲАНДАИ ХУРОФОТ ВА РУШДИ ҶАҲОНБИНИИ ИЛМИИ ҶОМЕА,Шарифзода И.У.,Паёми Донишгоҳи технологии Тоҷикистон. Бахши илмҳои гуманитарӣ ва педагогикаи касбӣ. 2023. № 1 (11). С. 88-96.,2023,88-96,0,https://elibrary.ru/item.asp?id=80400383
65656476,78,DEVELOPMENT OF ADVERTISING STRATEGY IN CHINA: HISTORICAL REVIEW AND FUTURE PROSPECTS,Liu Ju.,"В сборнике: Журналистика и PR в условиях формирования новой медиасреды: традиции и новаторство. Сборник статей международной научно-практической конференции. Нижний Новгород, 2024. С. 325-329.",2024,325-329,0,https://elibrary.ru/item.asp?id=65656476
79699843,79,DIGITAL TRANSFORMATION AND THE SDGS: A CASE STUDY ON EGYPT’S E-GOVERNMENT AND SDG-16,"Sherif S., Labib G.M.",Governance and Politics. 2024. Т. 3. № 4. С. 8-20.,2024,8-20,1,https://elibrary.ru/item.asp?id=79699843
66962333,80,CORRECTIONAL WORK ON THE DEVELOPMENT OF SPATIO-TEMPORAL REPRESENTATIONS OF JUNIOR SCHOOLCHILDREN WITH MENTAL DEVELOPMENT RETARDS IN ACADEMIC ACTIVITY,Kindyakova Ya.A.,"В сборнике: Актуальные проблемы профессиональной сферы в современном мире. Материалы XI Международной научно-практической конференции молодых ученых на иностранных языках. Екатеринбург, 2024. С. 451-457.",2024,451-457,0,https://elibrary.ru/item.asp?id=66962333
59462050,81,МОДЕЛҲОИ МУОСИРИ РУШДИ СОҲИБКОРӢ ДАР РАВАНДИ АЗ ХУД НАМУДАНИ ДОНИШҲОИ ИСТИФОДАИ САМАРАНОКИ ДОРОИҲОИ МОЛИЯВӢ ВА РУШДИ НЕРУИ ИНСОНӢ,"Шоҳиён Н.Н., Нурдинов Б.Х.",Международные отношения и безопасность. 2023. № 4 (8). С. 131-141.,2023,131-141,0,https://elibrary.ru/item.asp?id=59462050
67348450,82,COMMUNICATIVE-SPEECH DEVELOPMENT OF YOUNG CHILDREN WITH SPEECH DELAY,Rudyaeva A.D.,Наукосфера. 2024. № 4-2. С. 177-183.,2024,177-183,0,https://elibrary.ru/item.asp?id=67348450
46633873,83,AIC IN THE FRAMEWORK OF IMPLEMENTING THE GOALS OF SUSTAINABLE DEVELOPMENT AND STATE POLICY FOR FORMATION AND DEVELOPMENT OF A COMPETITIVE INDUSTRY,"Yuksel K., Ydyrys S.S., Nursoy M., Sandybayeva B.A.",Вестник университета Туран. 2021. № 3 (91). С. 143-150.,2021,143-150,5,https://elibrary.ru/item.asp?id=46633873
91274079,84,МУНОСИБА ТИ СТРА ТЕГЙ ОИД БА ИНКИШОФИ ИҚТИСОДИЁТИ САБЗ ҲАМЧУН УНСУРИРУШДИ УСТУВОРИ МИНТАҚАҲОИ ТО ҶИКИСТОН,"Ҳошимзода Ҳомид Ҳасан, Алиджанова Сурайё Абдушукуровна",Номаи донишгох. Силсилаи илмхои табиатшиноси ва иктисоди. 2026. № 1 (76). С. 72-83.,2026,72-83,0,https://elibrary.ru/item.asp?id=91274079
80399366,85,INTEGRATING SUSTAINABLE DEVELOPMENT GOALS INTO LANGUAGE LEARNING: A FRAMEWORK FOR ARGUMENTATIVE WRITING DEVELOPMENT,Sadyk A.A.,Молодой ученый. 2025. № 8 (559). С. 131-132.,2025,131-132,0,https://elibrary.ru/item.asp?id=80399366
80597713,86,МАСЪАЛАҲОИ МИНТАҚАВИИ РУШДИ НАҚЛИЁТИ МУСОФИРБАР ВА ТАҲЛИЛИ МАРҲИЛАҲОИ ИНКИШОФИ ПАРКИ АВТОБУСҲО,"Юнусов Ф.М., Раҷабов А.А.",Паёми политехникӣ. Бахши: Таҳқиқоти муҳандисӣ. 2024. № 4 (68). С. 155-161.,2024,155-161,0,https://elibrary.ru/item.asp?id=80597713
67904826,87,MANAGEMENT OF SOCIOECONOMIC DEVELOPMENT: NATIONAL PLANNING AND ITS IMPACT ON THE HUMAN DEVELOPMENT INDEX IN RUSSIA,"Volodin A., Degtereva V.",Sustainable Development and Engineering Economics. 2024. № 1 (11). С. 46-56.,2024,46-56,0,https://elibrary.ru/item.asp?id=67904826
71964706,88,АҲАМИЯТИ БАРНОМАСОЗӢ ҲАМЧУН СОҲАИ ФАЪОЛИЯТИ ИНСОНӢ ВА РУШДУ ТАКОМУЛИ ЗАБОНҲОИ БАРНОМАСОЗӢ,"Гулова М.Т., Муҳаммадазизи М.А.",Вестник Бохтарского государственного университета имени Носира Хусрава. Серия гуманитарных и экономических наук. 2023. Т. 2. № 1-4 (116). С. 90-93.,2023,90-93,0,https://elibrary.ru/item.asp?id=71964706
67262181,89,THE ROLE OF A MODERN WEBSITE IN THE DEVELOPMENT OF MICE TOURISM IN ASTANA: INNOVATIVE FUNCTIONS AND DEVELOPMENT PROSPECTS,"Akhatova A.Ye., Agybetova R.Ye.","В сборнике: НАУКА И ТЕХНОЛОГИИ - 2024. Сборник статей III Международной научно-практической конференции. Петрозаводск, 2024. С. 122-130.",2024,122-130,0,https://elibrary.ru/item.asp?id=67262181
91177567,90,"THE SELF-DESTRUCTIVE PSYCHOLOGICAL PREDICAMENT OF PRE-SERVICE TEACHERS AND THE CULTIVATION OF ""LISTENING TO PAIN"" ABILITY UNDER THE ZONE OF PROXIMAL DEVELOPMENT","Zhang Q., Wang J.","В сборнике: Современные студенческие исследования. сборник статей XI Международной научно-практической конференции. В 2 ч.. Пенза, 2026. С. 144-147.",2026,144-147,0,https://elibrary.ru/item.asp?id=91177567
77820723,91,ТАШАККУЛИ НАЗАРИЯИ ИСТИҚЛОЛ ДАР МАРҲАЛАҲОИ ГУНОГУНИ РУШДИ ИЛМ,"Ҷононов С., Абдуллозода Н.А.",Тоҷикистон ва ҷаҳони имрӯз. 2024. № 4 (88). С. 70-82.,2024,70-82,0,https://elibrary.ru/item.asp?id=77820723
47662077,92,THE IMPORTANCE OF DEVELOPING INTERNATIONAL TRADE RELATIONS FOR THE GROWTH OF THE MARKET FOR INNOVATIVE PRODUCTS,Suleymanli S.M.G.,Сomponents of Scientific and Technological Progress. 2021. № 12 (66). С. 43-47.,2021,43-47,0,https://elibrary.ru/item.asp?id=47662077
89262118,93,ТАШАККУЛ ВА РУШДИ СОЊАИ ЧОРВОПАРВАРӢ - КАФИЛИ ТАЪМИНИ АМНИЯТИ ОЗУҚАВОРӢ ВА РУШДИ УСТУВОРИ КИШОВАРЗӢ,"Пиризода Ҷ.С., Мирзон Н.М.",Гузоришхои Академияи илмхои кишоварзии Точикистон. 2026. № 1 (87). С. 196-201.,2026,196-201,0,https://elibrary.ru/item.asp?id=89262118
89172186,94,ТАШАККУЛИ МАЪРИФАТИ ҲУҚУҚӢ ҲАМЧУН РУШДИ ҚОБИЛИЯТИ ЭҶОДИИ КОРМАНДОНИ ОЯНДАИ ОПЕРАТИВӢ,"Қосимов Ф.М., Матробиён М.Х.","Актуальные проблемы современного государства, общества и права. 2026. № 1 (9). С. 33-40.",2026,33-40,0,https://elibrary.ru/item.asp?id=89172186
43056505,95,БАРНОМАИ ДАВЛАТИИ ДАРЁФТ ВА РУШДИ ИСТЕЪДОДҲО - ЗАМИНАИ МУСОИД ДАР ИНКИШОФ ВА НУМӯИ ЛАЁҚАТМАНДИИ ХОНАНДАГОН,Асҳобиддини Ш.,Паёми Донишгоҳи миллии Тоҷикистон. 2019. № 7. С. 188-193.,2019,188-193,0,https://elibrary.ru/item.asp?id=43056505
44664644,96,YOUTH DEVELOPMENT PROGRAMS FOR SUSTAINABLE GROWTH IN KYRGYZSTAN,"Samunnatha V., Choong Y.L., Gulzat M.",Vestnik Bishkek State University. 2020. № 4 (54). С. 58-66.,2020,58-66,0,https://elibrary.ru/item.asp?id=44664644
44043526,97,НАҚШИ МАБЛАҒГУЗОРИҲОИ БУҶЕТӢ ДАР ТАЪМИНИ РУШДИ СОҲАИ МАОРИФ ҲАМЧУН ОМИЛИ АСОСИИ РУШДИ ИҚТИСОДИЁТ,Султонов А.Н.,Паёми Донишгоҳи давлатии тиҷорати Тоҷикистон. 2019. № 1 (26). С. 79-82.,2019,79-82,2,https://elibrary.ru/item.asp?id=44043526
82964344,98,ВАЗЪИ ИНКИШОФЁБИИ МИНТАҚАҲОИ ОЗОДИ ИҚТИСОДИИ ҶУМҲУРИИ ТОҷИКИСТОН ВА ДУРНАМОИ РУШДИ ОНҲО ДАР ЗАМИНАИ САНОАТИКУНОНИИ ИҚТИСОДИЁТИ МИЛЛӢ,"Гадоев А.Ҷ., Сафоев Ҳ.С.",Паёми Донишгоҳи давлатии тиҷорати Тоҷикистон. 2024. № 4-2 (55).,2024,,0,https://elibrary.ru/item.asp?id=82964344
46307746,99,ПОШУК ШЛЯХІВ ВСЕБІЧНОГО РОЗВИТКУ ПІДРОСТАЮЧОГО ПОКОЛІННЯ В УМОВАХ РОЗБУДОВИ НЕЗАЛЕЖНОЇ ПРАВОВОЇ ДЕРЖАВИ,"Курілова В., Редько С.",Актуальные научные исследования в современном мире. 2021. № 4-11 (72). С. 151-155.,2021,151-155,0,https://elibrary.ru/item.asp?id=46307746
65583389,100,ИННОВАЦИОН РИВОЖЛАНИШ ШАРОИТИДА ИНСОН КАПИТАЛИНИНГ РИВОЖЛАНИШ ОМИЛЛАРИ ТАСНИФИ,"Арабов Н.У., Болтаев Б.С.",Innovatsion Iqtisodiyot. 2023. № 3-1. С. 55-64.,2023,55-64,0,https://elibrary.ru/item.asp?id=65583389
46506095,1,CUSTOMS PERFORMANCE MEASUREMENT MECHANISM AS THE BASIS OF AN ORGANIZED SYSTEM FOR MEASURING THE CUSTOMS AUTHORITIES' EFFECTIVENESS,Bozhidaeva E.I.,Green Channel. Science and Education in Customs. 2021. № 2 (16). С. 64-69.,2021,64-69,1,https://elibrary.ru/item.asp?id=46506095
19815450,2,МУРОМЦЕВСКИЕ ЧТЕНИЯ. ЭФФЕКТИВНОСТЬ ЗАКОНОДАТЕЛЬСТВА В СОВРЕМЕННЫХ СОЦИАЛЬНО-ЭКОНОМИЧЕСКИХ УСЛОВИЯХ,,"материалы X Международной научной конференции, г. Москва, 15 апреля 2010 г. / Москва, 2010.",2010,,0,https://elibrary.ru/item.asp?id=19815450
36511997,3,FUZZY-MULTIPLE EFFICIENCY RATING OF UNIVERSITIES BASED ON A COMPLEX OF ADDITIONAL INDICATOR,Karataeva G.E.,Modern Information Technologies and IT-Education. 2018. Т. 14. № 2. С. 462-471.,2018,462-471,3,https://elibrary.ru/item.asp?id=36511997
49737880,4,"DISCLOSURE OF THE CONCEPT OF ""EFFICIENCY"" AND METHODS OF EFFECTIVENESS EVALUATING",Noskov Z.R.,"Молодежь. Общество. Современная наука, техника и инновации. 2022. № 21. С. 230-231.",2022,230-231,0,https://elibrary.ru/item.asp?id=49737880
80663974,5,ТАҲЛИЛИ САМАРАНОКИИ ИМТИЁЗҲОИ АНДОЗИЮ ГУМРУКӢ БА СОҲАИ ПАРРАНДАПАРВАРӢ ВА МЕТОДИКАИ БАҲОДИҲИИ САМАРАНОКИИ ИМТИЁЗҲО,Ашурзода Ш.М.,Паёми молия ва иқтисод. 2024. № 4-2 (43). С. 243-253.,2024,243-253,0,https://elibrary.ru/item.asp?id=80663974
75197255,6,ДАМЫҒАН МЕМЛЕКЕТТЕРДЕГІ АДАМ ПАПИЛЛОМАВИРУСЫНА (АПВ) ҚАРСЫ ЖҮРГІЗІЛГЕН ВАКЦИНАНЫҢ ЭФФЕКТИВТІЛІГІН САРАПТАУ ЖӘНЕ ҚАЗАҚСТАНҒА ЕНГІЗУ ТИІМДІЛІГІ,"Ералы Т.Ғ., Маратқызы М.",In the World of Science and Education. 2024. № 2. С. 109-117.,2024,109-117,0,https://elibrary.ru/item.asp?id=75197255
82835841,7,PERFORMANCE MANAGEMENT SYSTEMS: TRADITIONAL PERFORMANCE ENCOURAGING METHODS VS MODERN APPROACHES,Zyryanova P.S.,"В сборнике: Россия в XXI веке: глобальные вызовы, приоритеты и перспективы развития. Материалы XVIII Всероссийской научно-практической конференции студентов и молодых ученых. Барнаул, 2025. С. 354-356.",2025,354-356,0,https://elibrary.ru/item.asp?id=82835841
88780158,8,INNOVATIVE SCORING MODELS FOR DEBT COLLECTION: THE ROLE OF COLLECTION SCORING IN MODERN BANKING,"Girinsky A.V., Aldoshin A.O.",Innovation & Investment. 2025. № 12. С. 346-348.,2025,346-348,0,https://elibrary.ru/item.asp?id=88780158
48444442,9,ИНТИХОБИ МАҲАКҲОИ АРЗЁБИИ САМАРАНОКИИ ИСТИФОДАБАРИИ ВОСИТАҲОИ ДАВЛАТӢ ҲАНГОМИ ГУЗАРОНИДАНИ АУДИТИ САМАРАНОКӢ,"Тоҳирова Р.С., Асоев К.Р.",Паёми Донишгоҳи миллии Тоҷикистон. Бахши илмҳои иҷтимоӣ-иқтисодӣ ва ҷамъиятӣ. 2021. № 8. С. 141-148.,2021,141-148,0,https://elibrary.ru/item.asp?id=48444442
36821914,10,ОЦЕНКА ЭФФЕКТИВНОСТИ КОММЕРЧЕСКОЙ ДЕЯТЕЛЬНОСТИ ГОРОДСКОЙ БОЛЬНИЦЫ: ЭФФЕКТИВНОСТЬ ИСПОЛЬЗОВАНИЯ РЕСУРСОВ ЗДРАВООХРАНЕНИЯ И МЕДИЦИНСКАЯ ЭФФЕКТИВНОСТЬ,"Сараев А.Р., Измайлов А.М.",В сборнике: НАУКА XXI ВЕКА: АКТУАЛЬНЫЕ НАПРАВЛЕНИЯ РАЗВИТИЯ. Сборник научных статей VII Международной научно-практической конференции. 2018. С. 47-55.,2018,47-55,0,https://elibrary.ru/item.asp?id=36821914
82461652,11,NEFT-GAZ SANOATI KORXONALARIDA ISHLAB CHIQARISH FAOLIYATINING IQTISODIY SAMARADORLIGINI OSHIRISHDA XORIJ TAJRIBASI,Ibragimov Z.,Iqtisodiy Taraqqiyot va Tahlil. 2025. Т. 3. № 1. С. 58-62.,2025,58-62,0,https://elibrary.ru/item.asp?id=82461652
82609039,12,LOGISTIK ZANJIRDA YUKLARNI YETKAZIB BERISH MUDDATINI TEZLASHTIRISH ORQALI IQTISODIY SAMARADORLIKKA ERISHISH CHORA-TADBIRLARI,"Barotov J., Qobulov J., Mekhriev M.",Iqtisodiy Taraqqiyot va Tahlil. 2025. Т. 3. № 4. С. 49-58.,2025,49-58,0,https://elibrary.ru/item.asp?id=82609039
67885682,13,TURIZMDA SAMARADORLIKNI OSHIRISHDA VILOYATLARARO BOG‘LIQLIKNING AHAMIYATLILIGI,"Umarova M., O‘rinova M.",Iqtisodiy Taraqqiyot va Tahlil. 2024. Т. 2. № 5. С. 320-325.,2024,320-325,0,https://elibrary.ru/item.asp?id=67885682
89340113,14,SIGIRLARDA HOMILA YO‘LDOSHINING USHLANIB QOLISHINI OLDINI OLISHDA GONADIN VA FERTADIN PREPARATLARINING SAMARASI,Ochilov J.N.,Research Focus. 2025. Т. 4. № 11. С. 401-404.,2025,401-404,0,https://elibrary.ru/item.asp?id=89340113
89334678,15,KON VA TRANSPORT USKUNALARINING FUNKSIONAL MEZONLARI HAMDA ULARNING SAMARADORLIGINI BAHOLASH,Maxmudov Sh.A.,Илм-фан ва инновацион ривожланиш. 2026. Т. 9. № 2. С. 39-49.,2026,39-49,0,https://elibrary.ru/item.asp?id=89334678
82609035,16,RAQAMLI FISKAL BOSHQARUVDA BARQARORLIK REYTINGINING,Abdullayev Z.,Iqtisodiy Taraqqiyot va Tahlil. 2025. Т. 3. № 4. С. 9-22.,2025,9-22,0,https://elibrary.ru/item.asp?id=82609035
73166326,17,КИЧИК ТАДБИРКОРЛИК ФАОЛИЯТИДА ИХТИСОСЛАШУВ ЖАРАЁНЛАРИНИ БАҲОЛАШНИНГ КЎРСАТКИЧЛАРИ ВА УЛАРНИНГ САМАРАДОРЛИГИНИ ОШИРИШ ЧОРА-ТАДБИРЛАРИ,Шарипов К.,Iqtisodiy Taraqqiyot va Tahlil. 2024. Т. 2. № 8. С. 458-467.,2024,458-467,0,https://elibrary.ru/item.asp?id=73166326
82502819,18,EKSPORT SALOHIYATINI OSHIRISHDA MOLIYAVIY QOʻLLAB-QUVVATLASHNING AMALIY SAMARADORLIGI: TADQIQOT VA NATIJALAR,Xojiyev E.,Iqtisodiy Taraqqiyot va Tahlil. 2025. Т. 3. № 2. С. 211-218.,2025,211-218,0,https://elibrary.ru/item.asp?id=82502819
82604769,19,TIJORAT BANKLARIDA DEPOZIT BAZANING BARQARORLIGI ORQALI KREDITLARNING SAMARADORLIGINI TA’MINLASH YO‘LLARI,Melikov O.,Iqtisodiy Taraqqiyot va Tahlil. 2025. Т. 3. № 3. С. 138-144.,2025,138-144,0,https://elibrary.ru/item.asp?id=82604769
83112694,20,O‘ZBEKISTON VA JANUBIY KOREYA MAMLAKATLARINING MEHMONXONA SANOATIDA SOLIQ IMTIYOZLARI VA SUBSIDIYALAR: IQTISODIY SAMARADORLIK TAHLILI,Tohirov A.,Iqtisodiy Taraqqiyot va Tahlil. 2025. Т. 3. № 9. С. 244-255.,2025,244-255,0,https://elibrary.ru/item.asp?id=83112694
83112712,21,КОРПОРАТИВ БОШҚАРУВ ТИЗИМИДА ESG ТАМОЙИЛЛАРИНИ ИНТЕГРАЦИЯ ҚИЛИШНИНГ ИННОВАЦИОН МЕХАНИЗМЛАРИ ВА УЛАРНИНГ САМАРАДОРЛИККА ТАЪСИРИ,Исмаилов А.,Iqtisodiy Taraqqiyot va Tahlil. 2025. Т. 3. № 9. С. 401-409.,2025,401-409,0,https://elibrary.ru/item.asp?id=83112712
79490160,22,TO‘QIMACHILIK KORXONALARINI EKSPORT FAOLIYATI SAMARADORLIGINING TAHLILI,To‘xtayev Z.,Iqtisodiy Taraqqiyot va Tahlil. 2024. Т. 2. № 11. С. 306-310.,2024,306-310,0,https://elibrary.ru/item.asp?id=79490160
75997511,23,БАНКЛАР ИНВЕСТИЦИЯ ФАОЛИЯТИНИНГ АСОСИЙ ХУСУСИЯТЛАРИ ВА УНИ ТАКОМИЛЛАШТИРИШ ЙЎНАЛИШЛАРИ,Абиев Д.,Iqtisodiy Taraqqiyot va Tahlil. 2024. Т. 2. № 10. С. 298-303.,2024,298-303,0,https://elibrary.ru/item.asp?id=75997511
89327917,24,10-11 YOSHLI O‘QUVCHILARNING JISMONIY SIFATLARINI AMALIY GIMNASTIKA MASHG‘ULOTLARIDA RIVOJLANTIRISH SAMARADORLIGINI OSHIRISH,"Mahammadiyev F.Q., Xolboyeva G.X.",Research Focus. 2026. Т. 5. № 1. С. 182-186.,2026,182-186,0,https://elibrary.ru/item.asp?id=89327917
88910306,25,САНОАТ КОРХОНАЛАРИ ИҚТИСОДИЙ САМАРАДОРЛИГИ МОҲИЯТИНИ ОЧИБ БЕРИШДАГИ ЁНДАШУВЛАР,Отаниёзов О.,Iqtisodiy Taraqqiyot va Tahlil. 2025. Т. 3. № 11. С. 364-369.,2025,364-369,0,https://elibrary.ru/item.asp?id=88910306
67885664,26,BOSHQARUVDA SAMARADORLIK KO‘RSATKICHLARI (KPI) TIZIMINI JORIY QILISHNING NAZARIY JIHATLARI,"Maxmudov S., Mirzaeva S.",Iqtisodiy Taraqqiyot va Tahlil. 2024. Т. 2. № 5. С. 175-184.,2024,175-184,0,https://elibrary.ru/item.asp?id=67885664
82604780,27,OʻZBEKISTON TIJORAT BANKLARI FOYDA SAMARADORLIGI TAHLILI,Xannayev S.,Iqtisodiy Taraqqiyot va Tahlil. 2025. Т. 3. № 3. С. 224-231.,2025,224-231,0,https://elibrary.ru/item.asp?id=82604780
80342470,28,ҚОРАҚАЛПОҒИСТОН РЕСПУБЛИКАСИ ШАРОИТИДА КУНЖУТ ЕТИШТИРИШНИНГ ЗАМОНАВИЙ ТЕХНОЛОГИЯЛАРИ ҲАМДА УЛАРНИНГ ИҚТИСОДИЙ САМАРАДОРЛИККА ТАЬСИРИ,Отемисов Ш.,Iqtisodiy Taraqqiyot va Tahlil. 2024. Т. 2. № 12. С. 370-376.,2024,370-376,0,https://elibrary.ru/item.asp?id=80342470
73952510,29,ЎЗБЕКИСТОНДАГИ КИЧИК БИЗНЕСНИНГ ИҚТИСОДИЙ ФАОЛИЯТ ТУРЛАРИ БЎЙИЧА ТАРКИБИЙ ТУЗИЛМАНИНГ САМАРАДОРЛИК ДАРАЖАСИНИ БАҲОЛАШ,Шарипов К.,Iqtisodiy Taraqqiyot va Tahlil. 2024. Т. 2. № 9. С. 421-429.,2024,421-429,0,https://elibrary.ru/item.asp?id=73952510
82461686,30,СУҒУРТA ТAШКИЛOТЛAРИ ИНВЕСТИЦИЯ ФАОЛИЯТИ СИФAТ ВA СAМAРAДOРЛИГИНИ OШИРИШ ЙЎЛЛАРИ,Кенжаев И.,Iqtisodiy Taraqqiyot va Tahlil. 2025. Т. 3. № 1. С. 332-340.,2025,332-340,0,https://elibrary.ru/item.asp?id=82461686
32357580,31,ПРИНЦИПЫ ПОВЫШЕНИЯ ЭФФЕКТИВНОСТИ КОРРЕКЦИОННОГО ОБРАЗОВАНИЯ: ВЗГЛЯД НА ПРОБЛЕМУ,Троценко Т.А.,"Вестник ""Өрлеу"" - kst. 2017. № 4 (18). С. 43-46.",2017,43-46,0,https://elibrary.ru/item.asp?id=32357580
88979980,32,АУТСОРСИНГ ХИЗМАТЛАРИНИНГ МАМЛАКАТ ИҚТИСОДИЁТИ САМАРАДОРЛИГИ ВА РАҚОБАТБАРДОШЛИГИНИ ОШИРИШДАГИ АҲАМИЯТИ,"Шадиева Г., Мирхонова М.",Iqtisodiy Taraqqiyot va Tahlil. 2025. Т. 3. № 12. С. 393-397.,2025,393-397,0,https://elibrary.ru/item.asp?id=88979980
75997503,33,OʻZBEKISTONDA BYUDJET TASHKILOTLARI UCHUN ELEKTRON DOʻKON ORQALI DAVLAT XARIDLARINI BOSHQARISH SAMARADORLIGI VA IQTISODIY TEJASH IMKONIYATLARI,Turabov S.,Iqtisodiy Taraqqiyot va Tahlil. 2024. Т. 2. № 10. С. 250-256.,2024,250-256,0,https://elibrary.ru/item.asp?id=75997503
89072674,34,TIJORAT BANKLARIDA MIJOZLAR BILAN MUNOSABATLARNI BOSHQARISH (CRM) TIZIMINING SAMARADORLIGINI OSHIRISH,"Kuldashev E., Muhammadjonov S.",Iqtisodiy Taraqqiyot va Tahlil. 2026. Т. 4. № 2. С. 118-122.,2026,118-122,0,https://elibrary.ru/item.asp?id=89072674
89327922,35,TALABA QIZLARNING KOORDINATSION QOBILIYATINI TAKOMILLASHTIRISHDA ZAMONAVIY PEDAGOGIK TEXNOLOGIYALARNING,Urazaliyeva Sh.R.,Research Focus. 2026. Т. 5. № 1. С. 210-215.,2026,210-215,0,https://elibrary.ru/item.asp?id=89327922
73952483,36,PISHLOQ MAHSULOTLARINI ISHLAB CHIQARISH VA QAYTA ISHLASH KORXONALARIDA ASOSIY SAMARADORLIK KO‘RSATKICHLARINING TAHLILI,Umarova N.,Iqtisodiy Taraqqiyot va Tahlil. 2024. Т. 2. № 9. С. 203-208.,2024,203-208,0,https://elibrary.ru/item.asp?id=73952483
88910300,37,МАХСУС ИҚТИСОДИЙ ЗОНАЛАРНИНГ ҲУДУДИЙ ВА ТАРМОҚ РИВОЖЛАНИШИ САМАРАДОРЛИГИНИ БАҲОЛАШ,Арсланов У.,Iqtisodiy Taraqqiyot va Tahlil. 2025. Т. 3. № 11. С. 319-327.,2025,319-327,0,https://elibrary.ru/item.asp?id=88910300
82900240,38,“ЖАШОО-ТИРИЧИЛИК КООПСУЗДУГУ” САБАГЫНЫН ТААСИРДҮҮЛҮГҮН АРТТЫРУНУН КЫРГЫЗСТАНДАГЫ КӨЙГӨЙЛҮҮ МАСЕЛЕЛЕРИ,Аширалиев А.,Машиноведение. 2024. № 2 (20). С. 103-111.,2024,103-111,0,https://elibrary.ru/item.asp?id=82900240
89319937,39,O‘TKIR BITISHMALI INGICHKA ICHAK TUTILISHIDA LAPAROSKOPIK VA OCHIQ ADGEZIOLIZISNING QIYOSIY SAMARADORLIGI,"Mustafakulov I.B., Choriev K.K.U., Djuraeva Z.A.",Research Focus. 2026. Т. 5. № 2. С. 226-231.,2026,226-231,0,https://elibrary.ru/item.asp?id=89319937
82682937,40,TEMIR YO‘L TRANSPORT TIZIMINING IQTISODIY SAMARADORLIK TUSHUNCHASI VA UNI BAHOLASH KO‘RSATKICHLARI,Raximov X.,Iqtisodiy Taraqqiyot va Tahlil. 2025. Т. 3. № 6. С. 95-101.,2025,95-101,0,https://elibrary.ru/item.asp?id=82682937
82609072,41,ХОРИЖИЙ ИНВЕСТИЦИЯЛАРНИНГ ИҚТИСОДИЙ САМАРАДОРЛИГИНИ ИФОДАЛОВЧИ КЎРСАТКИЧЛАР ТАҲЛИЛИ ВА УЛАРНИ ТАКОМИЛЛАШТИРИШ ЙЎНАЛИШЛАРИ,"Жамолов Ж., Файзиев Ш.",Iqtisodiy Taraqqiyot va Tahlil. 2025. Т. 3. № 4. С. 297-305.,2025,297-305,0,https://elibrary.ru/item.asp?id=82609072
82461675,42,TIJORAT BANKLARIDA CHAKANA BANK MAHSULOTLARINING BANK FAOLIYATI SAMARADORLIGIGA TAʼSIRI,Yunusova S.,Iqtisodiy Taraqqiyot va Tahlil. 2025. Т. 3. № 1. С. 234-243.,2025,234-243,0,https://elibrary.ru/item.asp?id=82461675
89317008,43,KOMPRESSORGA SO’RILUVCHI HAVONING IFLOSLANGANLIGINI UNING SAMARADORLIGIGA TA’SIRINI TADQIQOTI,"Djurayev R.U., Yuldoshov H.E.",Research Focus. 2022. Т. 1. № 2. С. 57-61.,2022,57-61,0,https://elibrary.ru/item.asp?id=89317008
89339796,44,ILDIZ KANALI INFEKSIYALARINING MIKROBIOLOGIK SPEKTRI VA ULARNING KLINIK AHAMIYATI: KIMYOVIY ISHLOV BERISH USULLARINING MIKROBIOLOGIK SAMARADORLIGI,Sattarov I.R.,Research Focus. 2025. Т. 4. № 12. С. 247-253.,2025,247-253,0,https://elibrary.ru/item.asp?id=89339796
82672965,45,TO‘QIMACHILIK SANOATI KORXONALARIDA INNOVATSION FAOLIYAT SAMARADORLIGINI OSHIRISH USULLARINI ISHLAB CHIQISH,Asimova F.,Iqtisodiy Taraqqiyot va Tahlil. 2025. Т. 3. № 5. С. 40-46.,2025,40-46,0,https://elibrary.ru/item.asp?id=82672965
67885699,46,МАҲАЛЛА ЕТТИЛИГИ ТИЗИМИДА ХОДИМЛАР ФАОЛИЯТ САМАРАДОРЛИГИНИ БАҲОЛАШНИ ТАКОМИЛЛАШТИРИШ МАСАЛАЛАРИ,Гафуров У.,Iqtisodiy Taraqqiyot va Tahlil. 2024. Т. 2. № 5. С. 465-473.,2024,465-473,1,https://elibrary.ru/item.asp?id=67885699
80342451,47,OʻZBEKISTON TIJORAT BANKLARI SAMARADORLIGINI ROA KOʻRSATKICHI ORQALI BAHOLASH,Xannayev S.,Iqtisodiy Taraqqiyot va Tahlil. 2024. Т. 2. № 12. С. 218-226.,2024,218-226,0,https://elibrary.ru/item.asp?id=80342451
82461667,48,NEFT VA GAZ SANOATI KORXONALARI RESURSLARIDAN FOYDALANISH SAMARADORLIGINI OSHIRISH,Sonayev S.,Iqtisodiy Taraqqiyot va Tahlil. 2025. Т. 3. № 1. С. 169-178.,2025,169-178,0,https://elibrary.ru/item.asp?id=82461667
83037910,49,O‘ZBEKISTON QISHLOQ XO‘JALIGIDA SAMARADORLIKNI OSHIRISH IMKONIYATLARI: SAMARQAND VILOYATI MISOLIDA,Ilashov B.,Iqtisodiy Taraqqiyot va Tahlil. 2025. Т. 3. № 7. С. 80-86.,2025,80-86,0,https://elibrary.ru/item.asp?id=83037910
89072692,50,DAVLAT MOLIYAVIY BOSHQARUVI SAMARADORLIGINING IJTIMOIY ADOLATGA TA’SIRINING PEFA VA CEQ METODOLOGIYALARI ORQALI TAHLILI,Zokirjonov M.,Iqtisodiy Taraqqiyot va Tahlil. 2026. Т. 4. № 2. С. 258-269.,2026,258-269,0,https://elibrary.ru/item.asp?id=89072692
82672982,51,O‘ZBEKISTONGA KIRITILAYOTGAN INVESTITSIYALARNING SAMARADORLIGINI OSHIRISH ISTIQBOLLARI,Salohiddinov J.,Iqtisodiy Taraqqiyot va Tahlil. 2025. Т. 3. № 5. С. 171-175.,2025,171-175,0,https://elibrary.ru/item.asp?id=82672982
71312249,52,КОРПОРАТИВ БОШҚАРУВНИНГ САМАРАДОРЛИГИНИ ОШИРИШДА РАҚАМЛИ ТЕХНОЛГИЯЛАРДАН ФОЙДАЛАНИШ МАСАЛАСИГА ИЛМИЙ ҚАРАШЛАР,Суюнова Д.,Iqtisodiy Taraqqiyot va Tahlil. 2024. Т. 2. № 7. С. 393-402.,2024,393-402,0,https://elibrary.ru/item.asp?id=71312249
83039780,53,ҲАМКОРЛИКНИНГ СЕЗГИР СОҲАЛАРИ УЧУН ИНТЕГРАЦИЯ МЕХАНИЗМЛАРИДАН ФОЙДАЛАНИШ САМАРАДОРЛИГИ,"Исламов Б., Пыжиков Н., Талипова Н., Турдибаева М.",Iqtisodiy Taraqqiyot va Tahlil. 2025. Т. 3. № 8. С. 196-208.,2025,196-208,0,https://elibrary.ru/item.asp?id=83039780
73952484,54,VAQT VA SAMARADORLIKNI BAHOLASH ASOSIDA INVESTITSIYA LOYIHALARINI BOSHQARISH,"Xo'jamurodov A., Esanboyev F.",Iqtisodiy Taraqqiyot va Tahlil. 2024. Т. 2. № 9. С. 209-216.,2024,209-216,1,https://elibrary.ru/item.asp?id=73952484
73952507,55,"САВДО КОРХОНАЛАРИДА ИҚТИСОДИЙ САМАРАДОРЛИК КЎРСАТКИЧЛАРИ, ҲИСОБЛАШ ТАРТИБИ ВА ТАКОМИЛЛАШТИРИШ МАСАЛАЛАРИ",Ташназарова Н.,Iqtisodiy Taraqqiyot va Tahlil. 2024. Т. 2. № 9. С. 388-403.,2024,388-403,0,https://elibrary.ru/item.asp?id=73952507
73166310,56,ТРАНСФОРМАЦИЯ ҚИЛИШ ЖАРАЁНИДА КРEДИТЛАШ ХИЗМАТЛАРИ САМАРАДОРЛИГИНИ ОШИРИШ ЙЎЛЛАРИ,Мирзаев Ч.,Iqtisodiy Taraqqiyot va Tahlil. 2024. Т. 2. № 8. С. 329-337.,2024,329-337,0,https://elibrary.ru/item.asp?id=73166310
75997484,57,TO‘QIMACHILIK KORXONALARIGA INVESTISIYALAR OQIMINI SAMARADORLIGINI OSHIRISH OMILLARI,Isroilov M.,Iqtisodiy Taraqqiyot va Tahlil. 2024. Т. 2. № 10. С. 84-90.,2024,84-90,0,https://elibrary.ru/item.asp?id=75997484
71312252,58,ПАХТА-ТЎҚИМАЧИЛИК КЛАСТЕРЛАРНИ ТАШКИЛ ЭТИШ САМАРАДОРЛИГИНИ ОПТИМАЛЛАШТИРИШНИНГ САМАРАЛИ ВАРИАНТИНИ ТАНЛАШ,Хайдаров И.,Iqtisodiy Taraqqiyot va Tahlil. 2024. Т. 2. № 7. С. 416-421.,2024,416-421,0,https://elibrary.ru/item.asp?id=71312252
67885651,59,QISHLOQ XO‘JALIGIDA YETISHTIRILADIGAN DORIVOR O‘SIMLIKLARNI SOTISH MEXANIZMLARINI TAKOMILLASHTIRISH ORQALI ULARNING SAMARADORLIGINI OSHIRISH METODIKASI,Ermatova M.,Iqtisodiy Taraqqiyot va Tahlil. 2024. Т. 2. № 5. С. 75-80.,2024,75-80,0,https://elibrary.ru/item.asp?id=67885651
88910277,60,“YASHIL IPOTEKA” DASTURLARINI O‘ZBEKISTONDA QO‘LLASH ISTIQBOLLARI VA IQTISODIY SAMARADORLIGI,Kilicheva K.,Iqtisodiy Taraqqiyot va Tahlil. 2025. Т. 3. № 11. С. 130-135.,2025,130-135,0,https://elibrary.ru/item.asp?id=88910277
67210391,61,THE APPLICATION OF BALANCED SCORECARD SYSTEM AS A COMPREHENSIVE PERFORMANCE MEASUREMENT FRAMEWORK FOR JOINT STOCK COMPANIES,Tursunaliev I.,Economic Development and Analysis. 2024. Т. 2. № 2. С. 223-229.,2024,223-229,0,https://elibrary.ru/item.asp?id=67210391
67885674,62,SIRDARYO VILOYATIDA SUG‘ORILADIGAN YERLARDAN FOYDALANISH SAMARADORLIGINI OSHIRISH ISTIQBOLLARI,"Rasulov S., Rasulova M.",Iqtisodiy Taraqqiyot va Tahlil. 2024. Т. 2. № 5. С. 256-261.,2024,256-261,0,https://elibrary.ru/item.asp?id=67885674
83112708,63,БОЛАЛАР ЎЙИНЧОҚЛАРИ ИШЛАБ ЧИҚАРИШДА ТАШКИЛИЙ-ИҚТИСОДИЙ МЕХАНИЗМ САМАРАДОРЛИГИГА ЭКСПОРТ ВА ИМПОРТНИНГ ТАЪСИРИ,Аминов А.,Iqtisodiy Taraqqiyot va Tahlil. 2025. Т. 3. № 9. С. 361-367.,2025,361-367,0,https://elibrary.ru/item.asp?id=83112708
67885687,64,AKSIYADORLIK JAMIYATLARINI TRANSFORMATSIYALASH ORQALI IQTISODIY SAMARADORLIKNI OSHIRISH YO’NALISHLARI,"Yusupov A., Sadikova M.",Iqtisodiy Taraqqiyot va Tahlil. 2024. Т. 2. № 5. С. 369-374.,2024,369-374,0,https://elibrary.ru/item.asp?id=67885687
89319945,65,PARRANDALARDA EYMERIOZGA QARSHI VAKSINALAR VA ANTIKOKSIDIAL DORILARNING SAMARADORLIGI,"Avezimbetov S.D., Khojamuratova A.Y.Q., Xushnazarov A.X.O.",Research Focus. 2026. Т. 5. № 2. С. 275-280.,2026,275-280,0,https://elibrary.ru/item.asp?id=89319945
82673002,66,КОРХОНАНИНГ ИҚТИСОДИЙ ХАВФСИЗЛИГИНИ ТАЪМИНЛАШДА АХБОРОТ КОММУНИКАЦИЯ ТЕХНОЛОГИЯЛАРИНИНГ ЎРНИ ВА САМАРАДОРЛИГИ,Халилов Б.,Iqtisodiy Taraqqiyot va Tahlil. 2025. Т. 3. № 5. С. 326-333.,2025,326-333,0,https://elibrary.ru/item.asp?id=82673002
82609067,67,KADRLARNI O‘QITISH VA RIVOJLANTIRISH BOJXONA RASMIYLASHTIRUVI MARKAZIDA TASHKILIY BOSHQARUV SAMARADORLIGINI OSHIRISH OMILI SIFATIDA,Vaxidova F.,Iqtisodiy Taraqqiyot va Tahlil. 2025. Т. 3. № 4. С. 261-267.,2025,261-267,0,https://elibrary.ru/item.asp?id=82609067
89341334,68,ИННОВАЦИОН УСУЛЛАРНИ АХБОРОТ ТЕХНОЛОГИЯЛАРИНИ ЎРГАТИШДА ҚЎЛЛАШ САМАРАДОРЛИГИНИ ОШИРИШ ТЎҒРИСИДА,"Ismanova K.D., Abduraxmanova R.X.",Research Focus. 2025. Т. 4. № 8. С. 36-40.,2025,36-40,0,https://elibrary.ru/item.asp?id=89341334
82609059,69,TELEKOMMUNIKATSIYA KORXONALARIDA INNOVATSION FAOLIYAT SAMARADORLIGINI BAHOLASH USULI,"Shaislamova M., Shayzoqova M.",Iqtisodiy Taraqqiyot va Tahlil. 2025. Т. 3. № 4. С. 202-209.,2025,202-209,0,https://elibrary.ru/item.asp?id=82609059
73166303,70,ҒАЛЛАЧИЛИК ҚУЙИ ТАРМОҒИНИНГ САМАРАДОРЛИГИГА ТАЪСИР КЎРСАТУВЧИ ОМИЛЛАР ТИЗИМИ,Ильмуратов Ш.,Iqtisodiy Taraqqiyot va Tahlil. 2024. Т. 2. № 8. С. 262-271.,2024,262-271,0,https://elibrary.ru/item.asp?id=73166303
73952471,71,RAQAMLI TRANSFORMATSIYA VA BANK SAMARADORLIGINI OSHIRUVCHI RAQAMLI TEXNOLOGIYALARLAR TAHLILI,Mirpulatova L.,Iqtisodiy Taraqqiyot va Tahlil. 2024. Т. 2. № 9. С. 130-138.,2024,130-138,0,https://elibrary.ru/item.asp?id=73952471
83169688,72,МЕТОДЫ ПОВЫШЕНИЯ ЭФФЕКТИВНОСТИ ВЕТРОВЫХ ТУРБИН НА ОСНОВЕ АЭРОДИНАМИЧЕСКИХ РЕШЕНИЙ В УСЛОВИЯХ ТАДЖИКИСТАНА,"Одинаев Н.Х., Раупов Н.М., Рахимов З.С., Зувайдуллозода Ф.З.",Вестник Бохтарского государственного университета имени Носира Хусрава. Серия естественных наук. 2024. № 2-4-2 (129). С. 45-51.,2024,45-51,0,https://elibrary.ru/item.asp?id=83169688
80342460,73,СУВЕРЕН ФОНДЛАР ФАОЛИЯТИ САМАРАДОРЛИГИНИ БАҲОЛАШ УСУЛЛАРИ,Жуманиязов И.,Iqtisodiy Taraqqiyot va Tahlil. 2024. Т. 2. № 12. С. 297-306.,2024,297-306,0,https://elibrary.ru/item.asp?id=80342460
88908926,74,HUDUDLARDA RAG‘BATLANTIRUVCHI SOLIQ IMTIYOZLARI SAMARADORLIGINI BAHOLASH,Abdurahmonov B.,Iqtisodiy Taraqqiyot va Tahlil. 2026. Т. 4. № 1. С. 9-20.,2026,9-20,0,https://elibrary.ru/item.asp?id=88908926
82682953,75,СОЛИҚ ИМТИЁЗЛАРИНИНГ ИҚТИСОДИЙ САМАРАДОРЛИГИ: ЕВРОПА ВА ОСИЁ ДАВЛАТЛАРИ ТАЖРИБАСИ,Урмонов Ж.,Iqtisodiy Taraqqiyot va Tahlil. 2025. Т. 3. № 6. С. 234-239.,2025,234-239,0,https://elibrary.ru/item.asp?id=82682953
89340060,76,ISSIQLIK ELEKTR STANSIYASI KONDENSATOR QURILMASI SAMARADORLIGINI OSHIRISH USULLARI (IES KONDENSATORLARI FAOLIYATINI TAHLIL QILISH),"Yunusov B.X., Mamadiyev B.R.",Research Focus. 2025. Т. 4. № 11. С. 68-71.,2025,68-71,0,https://elibrary.ru/item.asp?id=89340060
70342309,77,ПРОФІЛАКТИКА Й ЛІКУВАННЯ КОГНІТИВНИХ ДИСФУНКЦІЙ З ПОЗИЦІЇ ЕФЕКТИВНОСТІ Й БЕЗПЕЧНОСТІ,"Селюк М.М., Козачок М.М., Селюк О.В.",Міжнародний неврологічний журнал. 2021. Т. 17. № 2. С. 81-85.,2021,81-85,1,https://elibrary.ru/item.asp?id=70342309
83112695,78,SANOAT KORXONALARINING SAMARADORLIGINI OSHIRISHDA INNOVATSION LOYIHALARNI BOSHQARISH TIZIMINING O‘ZIGA XOS MOHIYATI VA IQTISODIY AHAMIYATI,Tolibjonov X.,Iqtisodiy Taraqqiyot va Tahlil. 2025. Т. 3. № 9. С. 256-262.,2025,256-262,0,https://elibrary.ru/item.asp?id=83112695
88979956,79,TIJORAT BANKLARI FAOLIYATI SAMARADORLIGINI OSHIRISHDA AKTIVLARNI SAMARALI BOSHQARISH YO‘LLARI,Nomozov U.,Iqtisodiy Taraqqiyot va Tahlil. 2025. Т. 3. № 12. С. 198-203.,2025,198-203,0,https://elibrary.ru/item.asp?id=88979956
73166276,80,BYUDJET TASHKILOTLARIDA O‘TKAZILADIGAN DAVLAT MOLIYAVIY NAZORATNING SAMARADORLIGI,Karayev P.,Iqtisodiy Taraqqiyot va Tahlil. 2024. Т. 2. № 8. С. 42-48.,2024,42-48,0,https://elibrary.ru/item.asp?id=73166276
73166292,81,MAMLAKATIMIZ TIJORAT BANKLARI AKTIVLARI SAMARADORLIGINI TAKOMILLASHTIRISH MASALALARI,Xolmuradov M.,Iqtisodiy Taraqqiyot va Tahlil. 2024. Т. 2. № 8. С. 178-184.,2024,178-184,0,https://elibrary.ru/item.asp?id=73166292
89340109,82,SINBOVIL PASHSHALARGA QARSHI BIOINSEKTITSID PREPARATINING SAMARASI,Ismoilov A.Sh.,Research Focus. 2025. Т. 4. № 11. С. 376-379.,2025,376-379,0,https://elibrary.ru/item.asp?id=89340109
89340061,83,KESIK KONUSSIMON QUVURLI QUYOSH SUV ISITGICH KOLLEKTORINING ISSIQLIK UZATILISHI VA SAMARADORLIGINI EKSPERIMENTAL TAHLILI,Esanaliyeva N.R.,Research Focus. 2025. Т. 4. № 11. С. 72-77.,2025,72-77,0,https://elibrary.ru/item.asp?id=89340061
67885700,84,ИНВЕСТИЦИЯЛАР ВА ИННΟВАЦИΟН ФАΟЛИЯТ САМАРАДΟРЛИГИНИ ΟШИРИШДА ХΟРИЖИЙ МАМЛАКАТЛАРНИНГ ИЛҒΟР ТАЖРИБАЛАРИДАН ФΟЙДАЛАНИШ ЙЎНАЛИШЛАРИ,Гафурова У.,Iqtisodiy Taraqqiyot va Tahlil. 2024. Т. 2. № 5. С. 474-481.,2024,474-481,0,https://elibrary.ru/item.asp?id=67885700
89340505,85,MAKTAB YOSHIDAGI DZYUDOCHILARNING MASHG‘ULOT TA‘SIRINI ANIQLASH USULLARI,Abdulldyev N.M.,Research Focus. 2025. Т. 4. № 10. С. 72-76.,2025,72-76,0,https://elibrary.ru/item.asp?id=89340505
75997481,86,ALOQA KORXONALARIDA XIZMAT KO‘RSATISH SAMARADORLIGINI OSHIRISHNI INNOVATSION TEXNOLOGIYALAR VA KADRLAR SIYOSATI,Ibadullayev S.,Iqtisodiy Taraqqiyot va Tahlil. 2024. Т. 2. № 10. С. 65-72.,2024,65-72,0,https://elibrary.ru/item.asp?id=75997481
88910296,87,"FINTECH, AVTOMATLASHTIRISH VA INSON OMILI: BANK XIZMATLARI SAMARADORLIGIDA YANGI MUVOZANAT MODELI",Xushvaqtov N.,Iqtisodiy Taraqqiyot va Tahlil. 2025. Т. 3. № 11. С. 279-285.,2025,279-285,0,https://elibrary.ru/item.asp?id=88910296
79490172,88,ТЎҚИМАЧИЛИК КОРХОНАЛАРИ САМАРАДОРЛИГИНИ БОШҚАРИШ УСУЛЛАРИ,"Азимова Ф., Юлдашев С.",Iqtisodiy Taraqqiyot va Tahlil. 2024. Т. 2. № 11. С. 379-385.,2024,379-385,0,https://elibrary.ru/item.asp?id=79490172
79490205,89,ҲУДУДЛАРГА ТЎҒРИДАН-ТЎҒРИ ХОРИЖИЙ ИНВЕСТИЦИЯЛАРНИ ЖАЛБ ҚИЛИШ САМАРАДОРЛИГИНИ БАҲОЛАШНИНГ УСЛУБИЙ ЁНДАШУВЛАРИ,Хайдаров Х.,Iqtisodiy Taraqqiyot va Tahlil. 2024. Т. 2. № 11. С. 667-674.,2024,667-674,0,https://elibrary.ru/item.asp?id=79490205
75997478,90,HUDUDLARDA XIZMATLAR SAMARADORLIGINI OSHIRISHNINIG TASHKILIY-IQTISODIY MEXANIZMI,Bozorov D.,Iqtisodiy Taraqqiyot va Tahlil. 2024. Т. 2. № 10. С. 34-43.,2024,34-43,0,https://elibrary.ru/item.asp?id=75997478
83037935,91,ISHLAB CHIQARISH SAMARADORLIGINI OSHIRISHDA MENEJMENT TIZIMINING ROLI VA FUNKSIYALARI,Yuldoshova Y.,Iqtisodiy Taraqqiyot va Tahlil. 2025. Т. 3. № 7. С. 282-290.,2025,282-290,0,https://elibrary.ru/item.asp?id=83037935
71312256,92,КИЧИК БИЗНЕС ИҚТИСОДИЙ САЛОҲИЯТИ САМАРАДОРЛИГИНИ ВА УНИ ОШИРИШ МАСАЛАЛАРИ (АНДИЖОН ВИЛОЯТИ МИСОЛИДА),Эгамбердиева Б.,Iqtisodiy Taraqqiyot va Tahlil. 2024. Т. 2. № 7. С. 449-459.,2024,449-459,0,https://elibrary.ru/item.asp?id=71312256
89340514,93,MILLIY HARAKATLI O‘YINLARNI SPORT ELEMENTLARINI O‘ZLASHTIRISHDA QO‘LLASHNING SAMARADORLIGI,Parmonov A.A.,Research Focus. 2025. Т. 4. № 10. С. 113-116.,2025,113-116,0,https://elibrary.ru/item.asp?id=89340514
73166278,94,CHAKANA SAVDO KORXONALARIDA IJTIMOIY TARMOQLARDAGI REKLAMA SAMARADORLIGINI OʻLCHASH,Karimova N.,Iqtisodiy Taraqqiyot va Tahlil. 2024. Т. 2. № 8. С. 56-60.,2024,56-60,0,https://elibrary.ru/item.asp?id=73166278
82682934,95,O‘ZBEKISTONDA KICHIK BIZNESNING STATISTIK KO‘RSATKICHLARI AXBOROT BAZASINING IQTISODIY SAMADORLIKKA TA’SIRI,Nazarov N.,Iqtisodiy Taraqqiyot va Tahlil. 2025. Т. 3. № 6. С. 70-78.,2025,70-78,0,https://elibrary.ru/item.asp?id=82682934
79490138,96,SANOAT KORXONALARIDA RAQAMLI TRANSFORMATSIYANI BOSHQARISHNING SAMARADORLIK MODELLARI,"Jalilov S., Gulbayeva F.",Iqtisodiy Taraqqiyot va Tahlil. 2024. Т. 2. № 11. С. 152-159.,2024,152-159,0,https://elibrary.ru/item.asp?id=79490138
89340112,97,SIGIRLARDA GINEKOLOGIK KASALLIKLARNI DAVOLASHDA REGOSTENOL PREPARATINING SAMARASI,"Kuldoshev O.U., Ochilov J.N., Tursinaliyev B.B., Suvanov S.A., Salohiddinova N.S.",Research Focus. 2025. Т. 4. № 11. С. 397-400.,2025,397-400,0,https://elibrary.ru/item.asp?id=89340112
89319906,98,ОРОЛБЎЙИ ҲУДУДЛАРИДА КРОТАЛАРИЯ (CROTALARIA JUNCEA) ЎСИМЛИГИНИ ПАРВАРИШЛАШНИНГ САМАРАДОРЛИГИ,"Негматова С.Т., Халиков Б.М., Халилова Н.Ж.",Research Focus. 2026. Т. 5. № 2. С. 41-49.,2026,41-49,0,https://elibrary.ru/item.asp?id=89319906
80342457,99,СОЛИҚ МАЪМУРИЯТЧИЛИГИНИНГ САМАРАДОРЛИГИНИ БАҲОЛАШ ВА ЎЛЧАШДАГИ МЕЗОНЛАР ТАҲЛИЛИ,Бабаев Ф.,Iqtisodiy Taraqqiyot va Tahlil. 2024. Т. 2. № 12. С. 267-275.,2024,267-275,0,https://elibrary.ru/item.asp?id=80342457
88910275,100,O‘ZBEKISTONDA DAVLAT ULUSHI VA KORPORATIV BOSHQARUV SAMARADORLIGI: JAHON BANKI MA’LUMOTLARI TAHLILI,Jumayeva G.,Iqtisodiy Taraqqiyot va Tahlil. 2025. Т. 3. № 11. С. 112-118.,2025,112-118,0,https://elibrary.ru/item.asp?id=88910275
75129650,1,THE MANAGEMENT INNOVATION OF TOURISM ECONOMY UNDER THE PERSPECTIVE OF CIRCULAR ECONOMY - THE IMPORTANCE OF THE CIRCULAR ECONOMY,Chen Z.,"В сборнике: Международные молодежные научные чтения им. профессора Н.Н. Протопопова. Сборник материалов. Новосибирск, 2024. С. 110-112.",2024,110-112,0,https://elibrary.ru/item.asp?id=75129650
82267582,2,РАҚОБАТПАЗИРИИ ИҚТИСОДИЁТИ МИЛЛӢ ДАР РАВАНДИ РАҚАМИКУНОНИИ ИҚТИСОДИЁТ ВА РУШДИ ИҚТИСОДИЁТИ “САБЗ”,"Ятимзода Х.М., Рустамҷони С.Қ.",Паёми Донишгоҳи миллии Тоҷикистон. Бахши илмҳои иҷтимоӣ-иқтисодӣ ва ҷамъиятӣ. 2025. № 3. С. 156-162.,2025,156-162,1,https://elibrary.ru/item.asp?id=82267582
43851122,3,ECONOMICS AND MANAGEMENT OF SYSTEM-FORMING ECONOMIC ELEMENTS IN THE MODERN RUSSIAN ECONOMY,"Khayrullin V.A., Pushkareva T.A.",Евразийский юридический журнал. 2020. № 7 (146). С. 459-460.,2020,459-460,1,https://elibrary.ru/item.asp?id=43851122
49951473,4,CORONAVIRUS UND SEINE AUSWIRKUNGEN AUF DIE WELTWIRTSCHAFT UND DIE DEUTSCHE WIRTSCHAFT,"Dorofejew W.A., Knjaskowa T.W.","В сборнике: Theorie und praxis von germanisten: stand und perspektiven. Материалы IX Межвузовской междисциплинарной научно-практической конференции. Moskau, 2022. С. 93-97.",2022,93-97,0,https://elibrary.ru/item.asp?id=49951473
19948208,5,ЭКОНОМИКА: ВВЕДЕНИЕ В ЭКОНОМИКУ И МИКРОЭКОНОМИКА,Аксенов А.А.,"учебное пособие / Ростов-на-Дону, 2010.",2010,,2,https://elibrary.ru/item.asp?id=19948208
19974064,6,"МЕЖДУНАРОДНАЯ МЕЖВУЗОВСКАЯ НАУЧНО-ПРАКТИЧЕСКАЯ КОНФЕРЕНЦИЯ ""РОССИЙСКАЯ ЭКОНОМИКА: НОВАЯ РЕАЛЬНОСТЬ (ЭКОНОМИКА, ПРЕДПРИНИМАТЕЛЬСТВО, ПРАВО)""",,"сборник научных трудов ученых и предпринимателей / Москва, 2011.",2011,,0,https://elibrary.ru/item.asp?id=19974064
82604788,7,ЎЗБЕКИСТОН ИҚТИСОДИЁТИГА ХОРИЖИЙ ИНВЕСТИЦИЯЛАРНИ ЖАЛБ ЭТИШДА РИВОЖЛАНГАН МАМЛАКАТЛАР ТАЖРИБАСИДАН ФОЙДАЛАНИШ,Жамолов Ж.,Iqtisodiy Taraqqiyot va Tahlil. 2025. Т. 3. № 3. С. 303-311.,2025,303-311,0,https://elibrary.ru/item.asp?id=82604788
19973970,8,"МЕЖДУНАРОДНАЯ МЕЖВУЗОВСКАЯ НАУЧНО-ПРАКТИЧЕСКАЯ КОНФЕРЕНЦИЯ ""РОССИЙСКАЯ ЭКОНОМИКА: НОВАЯ РЕАЛЬНОСТЬ (ЭКОНОМИКА, ПРЕДПРИНИМАТЕЛЬСТВО, ПРАВО)""",,"сборник научных трудов аспирантов, студентов, научных руководителей / Москва, 2011.",2011,,0,https://elibrary.ru/item.asp?id=19973970
82672989,9,GLOBALIZATSIYA SHAROITIDA JAHON IQTISODIYOTI VA MINTAQAVIY IQTISODIYOTLARNING RAQOBATBARDOSHLIGI OʻRTASIDAGI BOGʻLIQLIK,Xayitova F.,Iqtisodiy Taraqqiyot va Tahlil. 2025. Т. 3. № 5. С. 228-235.,2025,228-235,0,https://elibrary.ru/item.asp?id=82672989
19958768,10,РОЛЬ ИННОВАЦИЙ В РАЗВИТИИ ЭКОНОМИКИ РОССИИ,,"материалы научно-методического семинара кафедры экономики и предпринимательства / Магнитогорск, 2010.",2010,,0,https://elibrary.ru/item.asp?id=19958768
19876297,11,МЕЖДИСЦИПЛИНАРНЫЙ ПОДХОД К ПЕРСПЕКТИВАМ ЭКОНОМИЧЕСКОЙ ОРГАНИЗАЦИИ XXI ВЕКА: ОТ ЭКОНОМИКИ КОНКУРЕНЦИИ К ЭКОНОМИКЕ ПАРТНЕРСТВА. РОССИЙСКИЕ РЕГИОНЫ - ЦЕНТРЫ ИННОВАЦИОННОГО СОЦИАЛЬНО-ЭКОНОМИЧЕСКОГО РАЗВИТИЯ,,"сборник научных статей и материалов Круглого стола, Иваново, 10-11 июня 2008 г. / Иваново, 2008.",2008,,0,https://elibrary.ru/item.asp?id=19876297
37051922,12,"ПРОБЛЕМЫ УПРАВЛЕНИЯ РЫНОЧНОЙ ЭКОНОМИКОЙ (МЕНЕДЖМЕНТ, МАРКЕТИНГ, УПРАВЛЕНИЕ ЧЕЛОВЕЧЕСКИМИ РЕСУРСАМИ, ФИНАНСЫ, ИНВЕСТИЦИИ, ЭКОНОМИКА, ОТРАСЛЕВАЯ ЭКОНОМИКА, РЕГИОНАЛЬНАЯ ЭКОНОМИКА)",,"межрегиональный сборник научных трудов / Том Выпуск 15, том 2. Томск, 2014.",2014,,0,https://elibrary.ru/item.asp?id=37051922
26285752,13,ЭКОНОМИКА НЕФТИ - ЭКОНОМИКА ЗНАНИЙ - ЭКОНОМИКА МЫСЛИ: ГОРИЗОНТЫ РОССИЙСКОЙ ЭКОНОМИКИ,Клейнер Г.Б.,Научные труды Вольного экономического общества России. 2015. Т. 196. № 7. С. 291-301.,2015,291-301,9,https://elibrary.ru/item.asp?id=26285752
42607227,14,"ПРОБЛЕМЫ УПРАВЛЕНИЯ РЫНОЧНОЙ ЭКОНОМИКОЙ (ФИНАНСЫ, ИНВЕСТИЦИИ, ЭКОНОМИКА, ОТРАСЛЕВАЯ ЭКОНОМИКА, РЕГИОНАЛЬНАЯ ЭКОНОМИКА)",,"Межрегиональный сборник научных трудов / Том Выпуск 13, Том 2. Томск, 2012.",2012,,0,https://elibrary.ru/item.asp?id=42607227
26745191,15,"ПРОБЛЕМЫ УПРАВЛЕНИЯ РЫНОЧНОЙ ЭКОНОМИКОЙ (ФИНАНСЫ, ИНВЕСТИЦИИ, ЭКОНОМИКА, ОТРАСЛЕВАЯ ЭКОНОМИКА, РЕГИОНАЛЬНАЯ ЭКОНОМИКА)",,"Межрегиональный сборник научных трудов / Том 2, Выпуск 11. Томск, 2010.",2010,,0,https://elibrary.ru/item.asp?id=26745191
83020236,16,"СОЦИОКУЛЬТУРНАЯ ЭКОНОМИКА: КАК КУЛЬТУРА ВЛИЯЕТ НА ЭКОНОМИКУ, А ЭКОНОМИКА - НА КУЛЬТУРУ","Аузан А.А., Никишина Е.Н.","курс лекций / Москва, 2021.",2021,,112,https://elibrary.ru/item.asp?id=83020236
50782586,17,ЦИФРОВАЯ ЭКОНОМИКА КАК НОВЫЙ ЭТАП ТРУДА И УПРАВЛЕНИЯ (ЦИФРОВАЯ ЭКОНОМИКА = ПАЛЬЦЕВАЯ ЭКОНОМИКА?),Павлов М.Ю.,В сборнике: Ломоносовские чтения – 2020. Секция экономических наук. «Экономическая повестка 2020-х годов». 2020. С. 128-130.,2020,128-130,4,https://elibrary.ru/item.asp?id=50782586
15246517,18,"О СОДЕРЖАНИИ ТЕРМИНОВ ""ИННОВАЦИОННАЯ ЭКОНОМИКА"", ""НОВАЯ ЭКОНОМИКА"" И ""ЭКОНОМИКА ЗНАНИЙ""","Сербиновский Б.Ю., Захарова О.С.",Политематический сетевой электронный научный журнал Кубанского государственного аграрного университета. 2010. № 61. С. 247-263.,2010,247-263,64,https://elibrary.ru/item.asp?id=15246517
85611904,19,"ИССЛЕДОВАНИЕ КОНВЕРГЕНЦИИ НАПРАВЛЕНИЙ ""ЭКОНОМИКА ТЕХНОЛОГИЙ"", ""ЗЕЛЕНАЯ ЭКОНОМИКА"" И ""ЦИФРОВАЯ ЭКОНОМИКА""",Галимулина Ф.Ф.,Вестник Нижегородского университета им. Н.И. Лобачевского. Серия: Социальные науки. 2025. № 4 (80). С. 9-17.,2025,9-17,1,https://elibrary.ru/item.asp?id=85611904
32570264,20,"ВЕХИ НА ПУТИ В XXII ВЕК: ""ЭКОНОМИКА ФИЗИЧЕСКИХ ЛИЦ"" - ""ЭКОНОМИКА ГРУПП СОБСТВЕННИКОВ"" - ""СИСТЕМНАЯ ЭКОНОМИКА""",Клейнер Г.Б.,В сборнике: Стратегическое планирование и развитие предприятий. Материалы Восемнадцатого всероссийского симпозиума. Под редакцией Г.Б. Клейнера. 2017. С. 72-79.,2017,72-79,1,https://elibrary.ru/item.asp?id=32570264
20524245,21,"О ЛОГИЧЕСКОЙ ВЗАИМОСВЯЗИ ПОНЯТИЙ ""ИННОВАЦИОННОЕ РАЗВИТИЕ ЭКОНОМИКИ"", ""МОДЕРНИЗАЦИЯ ЭКОНОМИКИ"", ""ИННОВАЦИОННАЯ МОДЕРНИЗАЦИЯ ЭКОНОМИКИ""","Белякова Г.Я., Батукова Л.Р.",Международный журнал прикладных и фундаментальных исследований. 2013. № 11-2. С. 76-77.,2013,76-77,12,https://elibrary.ru/item.asp?id=20524245
38222545,22,"О ВЗАИМОСВЯЗИ ТЕРМИНОВ ""ИНФОРМАЦИОННАЯ ЭКОНОМИКА"", ""ЭКОНОМИКА ЗНАНИЙ"" И ""ИННОВАЦИОННАЯ ЭКОНОМИКА""",Баркова Е.Е.,В сборнике: РОЛЬ И МЕСТО ИНФОРМАЦИОННЫХ ТЕХНОЛОГИЙ В СОВРЕМЕННОЙ НАУКЕ. сборник статей Всероссийской научно-практической конференции. 2019. С. 58-60.,2019,58-60,0,https://elibrary.ru/item.asp?id=38222545
21962566,23,"ИННОВАЦИОННАЯ ЭКОНОМИКА КАК СИНЕРГИЯ ЭКОНОМИКИ ЗНАНИЙ, КРЕАТИВНОЙ И СЕТЕВОЙ ЭКОНОМИК В УСЛОВИЯХ ЦИКЛИЧЕСКОГО РАЗВИТИЯ",Дубовик М.В.,В сборнике: Посткризисные очертания инновационных процессов. Материалы Десятых Друкеровских чтений. Под ред. Р.М.Нижегородцева. 2010. С. 56-70.,2010,56-70,4,https://elibrary.ru/item.asp?id=21962566
46335781,24,ЦИРКУЛЯРНАЯ ЭКОНОМИКА: ПРОБЛЕМЫ ПЕРЕХОДА ОТ ЛИНЕЙНОЙ ЭКОНОМИКИ К ЭКОНОМИКЕ ЗАМКНУТОГО ЦИКЛА В РОССИИ,Фидря М.А.,"В сборнике: Теоретические и прикладные вопросы экономики, управления и образования. Сборник статей II Международной научно-практической конференции. В 2-х томах. Пенза, 2021. С. 238-243.",2021,238-243,16,https://elibrary.ru/item.asp?id=46335781
91210963,25,ПЕРФОРМАТИВНЫЕ ПРАКТИКИ КАК КЛЮЧЕВОЙ ДРАЙВЕР «ЭКОНОМИКИ ТРАНСФОРМАЦИЙ»: ПЕРЕХОД ОТ «ЭКОНОМИКИ ВПЕЧАТЛЕНИЙ» К ЭКОНОМИКЕ ИЗМЕНЕНИЯ ЛИЧНОСТИ,Недбайлова С.Д.,"В сборнике: Молодежная неделя науки ИПМЭиТ. Сборник трудов Всероссийской студенческой научно-учебной конференции с международным участием. В 6-ти частях. Санкт-Петербург, 2026. С. 240-243.",2026,240-243,0,https://elibrary.ru/item.asp?id=91210963
25410548,26,ИСТОРИЧЕСКИ СЛОЖИВШИЙСЯ ТИП ЭКОНОМИКИ РОССИИ – ДОГОНЯЮЩАЯ ЭКОНОМИКА: ПОЧЕМУ ЭКОНОМИКА РОССИИ ОТСТАЁТ ОТ ЕВРОПЕЙСКОЙ?,Ананьева Н.А.,Бюллетень медицинских интернет-конференций. 2015. Т. 5. № 12. С. 1580.,2015,1580,0,https://elibrary.ru/item.asp?id=25410548
82370460,27,РАҚАМИКУНОНИИ ИҚТИСОДИЁТ ОМИЛИ АСОСИИ ТАЪМИНИ РУШДИ УСТУВОРИ ИҚТИСОДИЁТИ МИЛЛӢ,Акимов С.М.,Идоракунии давлатӣ. 2025. № 1 (72). С. 126-131.,2025,126-131,0,https://elibrary.ru/item.asp?id=82370460
89247034,28,ТАЪСИРИ ТЕХНОЛОГИЯҲОИ ИТТИЛООТӢ БА ИҚТИСОДИЁТИ РАҚАМӢ ВА САМТҲОИ ИСТИФОДАИ ОН ДАР СОҲАҲОИ ИҚТИСОДИ КИШВАР,"Мирзоев Н.Ҳ., Ҳиматова Б.Ф.",Навиди илм. 2025. № 4. С. 149-154.,2025,149-154,0,https://elibrary.ru/item.asp?id=89247034
68508671,29,ИҚТИСОДИЁТИ ИННОВАТСИОНӢ ВА НАҚШИ СОҲИБКОРӢ ДАР ИҚТИСОДИЁТ,Имомёрбеков Ф.М.,Паёми Донишгоҳи давлатии тиҷорати Тоҷикистон. 2023. № 4-2 (50).,2023,,0,https://elibrary.ru/item.asp?id=68508671
82507543,30,ТАҲДИДҲОИ ИТТИЛООТӢ БА ИҚТИСОДИЁТИ РАҚАМӢ ВА ХУСУСИЯТҲОИ ОН ДАР СОҲАҲОИ ИҚТИСОДИ МИЛЛӢ,"Ҳакимзода Б.Ф., Мусоева М.А.",В сборнике: Стратегияи тамадунии пешвоӣ дар асри ХХ1. МАВОДИ КОНФЕРЕНСИЯИ БАЙНАЛМИЛАЛИИ ИЛМИЮ АМАЛӢ ДАР МАВЗӮИ. 2024. С. 346-353.,2024,346-353,1,https://elibrary.ru/item.asp?id=82507543
88759142,31,РАҚАМИКУНОНИИ ИҚТИСОДИЁТ ВА ТАЪСИРИ ОН БА РУШДИ ИҚТИСОДИ МИЛЛӢ,"Алимардонзода Т.А., Холназаров М.Б.",Иқтисодиёти Тоҷикистон. 2025. № 4. С. 66-72.,2025,66-72,0,https://elibrary.ru/item.asp?id=88759142
46294140,32,THE PLACE OF BEHAVIORAL ECONOMICS IN MODERN ECONOMICS,Eminova A.E.,Scientifik News. Series for Social and Humanitarian Studies. 2021. Т. 17. № 2. С. 83-85.,2021,83-85,0,https://elibrary.ru/item.asp?id=46294140
75728995,33,"RUSSIA IN A FLUCTUATING WORLD ECONOMY: CURRENT STATE OF THE ECONOMY, CHALLENGES AND DEVELOPMENT TRENDS",Fan W.,"В сборнике: Экономика России в условиях глобальной конкуренции: проблемы теории и практики. Материалы XXVIII Международной научно-практической конференции ВСГУТУ. Улан-Удэ, 2024. С. 236-243.",2024,236-243,0,https://elibrary.ru/item.asp?id=75728995
82370446,34,ТАШАККУЛИ ИҚТИСОДИ “САБЗ” ВА РАҚАМИКУНОНИИ ИҚТИСОДИЁТ ҲАМЧУН ҚИСМИ ТАРКИБИИ ТАЪМИНИ АМНИЯТИ ОЗУҚАВОРӢ ДАР МАҲАЛҲОИ КИШВАР,"Досиев М.Н., Маҳмадов Ҷ.А.",Идоракунии давлатӣ. 2025. № 1 (72). С. 17-23.,2025,17-23,0,https://elibrary.ru/item.asp?id=82370446
82289942,35,АФЗАЛИЯТИ ИҚТИСОДИ РАҚАМӢ ДАР РУШДИ УСТУВОРИ ИҚТИСОДЁТИ МИЛЛИИ ТОҶИКИСТОН,Давлатова Н.И.,"В сборнике: Масъалаҳои мубрами баҳисобгирӣ, аудит, таҳлили иқтисодӣ ва омор дар шароити гузариш ба иқтисодиёти рақамӣ. Мачмуаи материалхои конферен-цияи илмию назариявии умуми-университетй муаллимон, хизматчиён, аспирантхо, докторантхо ва студентон. Душанбе, 2025. С. 105-108.",2025,105-108,0,https://elibrary.ru/item.asp?id=82289942
50011581,36,МАСЪАЛАҲОИ НАЗАРИЯВИИ ТАҲДИДИ ИҚТИСОДИЁТИ НИҲОНӢ БА ТАРАҚҚИЁТИ ИҚТИСОДИЁТИ МИЛЛӢ,Убайдов Ф.С.,Паёми молия ва иқтисод. 2022. № 3 (32). С. 110-115.,2022,110-115,0,https://elibrary.ru/item.asp?id=50011581
82289939,37,НАҚШИ ИҚТИСОДИЁТӢ САБЗ ДАР РУШДИ ИҚТИСОДИЁТИ МИЛЛӢ,Хамидова Н.М.,"В сборнике: Масъалаҳои мубрами баҳисобгирӣ, аудит, таҳлили иқтисодӣ ва омор дар шароити гузариш ба иқтисодиёти рақамӣ. Мачмуаи материалхои конферен-цияи илмию назариявии умуми-университетй муаллимон, хизматчиён, аспирантхо, докторантхо ва студентон. Душанбе, 2025. С. 96-98.",2025,96-98,0,https://elibrary.ru/item.asp?id=82289939
43093997,38,ЕКОНОМІКА ЦІННОСТЕЙ ТА ФІЛОСОФІЯ ЕКОНОМІКИ,Коннова Н.О.,Грані. 2020. Т. 23. № 3. С. 27-37.,2020,27-37,0,https://elibrary.ru/item.asp?id=43093997
58906613,39,MILTON FREEMAN’S CONTRIBUTIONS TO ECONOMICS AND THE APPLICATION OF THE METHODOLOGY OF POSITIVE ECONOMICS,"Duong H.My., Duong H.U.",Вестник Российского экономического университета им. Г.В. Плеханова. Вступление. Путь в науку. 2023. Т. 13. № 4 (44). С. 13-23.,2023,13-23,0,https://elibrary.ru/item.asp?id=58906613
43826162,40,ETHICS IN ISOLATION FROM ECONOMICS: THE FUTILITY OF TRYING TO PRESENT ECONOMICS AS A NEUTRAL SCIENCE,Guglielmo Ch.,Вопросы политической экономии. 2020. № 2. С. 88-99.,2020,88-99,0,https://elibrary.ru/item.asp?id=43826162
82555435,41,ТАШАККУЛИ ИҚТИСОДИЁТИ РАҚАМӢ ВА ИННОВАТСИОНӢ ДАР РУШДИ ИҚТИСОДИ МИЛЛӢ,"Рустамҷон С.Қ., Шоҳиён Н.Н.",Илм ва технологияи асри XXI. 2024. № 4 (14). С. 108-115.,2024,108-115,0,https://elibrary.ru/item.asp?id=82555435
72374384,42,РАЗВИТИЕ РОССИЙСКОЙ ЭКОНОМИКИ В РАМКАХ ЗЕЛЕНОЙ ЭКОНОМИКИ,"Пасько М.Ю., Куцова Э.Л.","В сборнике: Мир в зеркале языков: комплексная парадигма. Шахты, 2024. С. 170-175.",2024,170-175,2,https://elibrary.ru/item.asp?id=72374384
89201782,43,ИМКОНИЯТҲОИ РУШДИ УСТУВОРИ ИҚТИСОДИЁТИ МИЛЛӢ ДАР ЗАМИНАИ ТАШАККУЛИ ИҚТИСОДЁТИ РАҚАМӢ,"Ашурзода А.Н., Усмонзода Ф.Б.","В сборнике: Энергетика: ҳолат ва дурнамои рушд. Маводи конференсияи байналмилалии илмӣ – амалӣ. Душанбе, 2025. С. 235-243.",2025,235-243,0,https://elibrary.ru/item.asp?id=89201782
86310168,44,RESEARCH ON THE DEVELOPMENT OF DIGITAL ECONOMY IN INDUSTRIAL SECTOR,"Guo F., Mu Ch., Zubritskaya I.A.","Economics, Law and Management Problems. 2025. № 13. С. 185-196.",2025,185-196,0,https://elibrary.ru/item.asp?id=86310168
59720319,45,İQTİSADİYYATIN SEKTORLARIN İNKİŞAFINDA BİLİK İQTİSADİYYATININ ROLU,Əliyev E.Ə.,Tikintinin iqtisadiyyatı və menecment. 2019. № 2. С. 46-51.,2019,46-51,0,https://elibrary.ru/item.asp?id=59720319
59461683,46,ЧЫГАРМАЧЫЛ ЭКОНОМИКАНЫ ӨНҮКТҮРҮҮ - ЭКОНОМИКАНЫН АТААНДАШТЫККА ЖӨНДӨМДҮҮЛҮГҮН ЖОГОРУЛАТУУДА ЭҢ МААНИЛҮҮ КАДАМ,"Баймуратов А.А., Жусупова Г.Д.",Известия Ошского технологического университета. 2023. № 3. С. 186-193.,2023,186-193,0,https://elibrary.ru/item.asp?id=59461683
65604971,47,ИНФОРМАЦИОННЫЕ УГРОЗЫ ЦИФРОВОЙ ЭКОНОМИКЕ И ИХ ОСОБЕННОСТИ В ОТРАСЛЯХ НАЦИОНАЛЬНОЙ ЭКОНОМИКИ,"Мирзоев Н.Х., Шерматов Г.Р.","В сборнике: Актуальные вопросы развития бухгалтерского учета, аудита, анализа, налогообложения, государственного финансового контроля: современные вызовы и вектор развития. Материалы I Международной научно-практической конференции. Душанбе, 2024. С. 533-538.",2024,533-538,0,https://elibrary.ru/item.asp?id=65604971
44328923,48,ANALYSIS OF THE INFLUENCE OF TNCS ON THE ECONOMY OF DEVELOPING COUNTRIES AND COUNTRIES WITH ECONOMIES IN TRANSITION,Jorubova F.,Review of Business and Economics Studies. 2020. Т. 8. № 3. С. 34-62.,2020,34-62,3,https://elibrary.ru/item.asp?id=44328923
62596296,49,ТАҶРИБАИ ИҚТИСОДИЁТИ ДАВЛАТҲОИ ХОРИҶА БАРОИ РУШДИ ИТТИЛООТИКУНОНИИ ИҚТИСОДИЁТИ МИНТАҚАҲОИ ҶУМҲУРИИ ТОҶИКИСТОН,"Ризоқулов Т.Р., Ҳасанова М.И.",Ахбори Академияи илмҳои Ҷумҳурии Тоҷикистон. Шуъбаи илмҳои ҷамъиятшиносӣ. 2022. № 1 (266). С. 94-98.,2022,94-98,0,https://elibrary.ru/item.asp?id=62596296
86310167,50,RESEARCH ON THE INNOVATIVE DEVELOPMENT MECHANISM OF ENTERPRISE ECONOMICS IN DIGITAL ECONOMY,"Mu Ch., Guo F., Polonik I.S.","Economics, Law and Management Problems. 2025. № 13. С. 175-184.",2025,175-184,0,https://elibrary.ru/item.asp?id=86310167
56444673,51,РАҚАМИКУНОНИИ ИҚТИСОДИЁТ ВА НАҚШИ ОН ДАР РУШДИ ИҚТИСОДИЁТИ МИЛЛӢ,"Мирзоев Н.Ҳ., Мирзоев Х.Н.","В сборнике: МУАММОҲОИ ГУЗАРИШ БА ИҚТИСОДИ РАҚАМӢ ДАР ҶУМҲУРИИ ТОҶИКИСТОН: ВАЗЪИ КУНУНӢ ВА ДУРНАМО. МАВОДИ КОНФЕРЕНСИЯИ ҶУМҲУРИЯВИИ ИЛМИЮ АМАЛӢ ДАР МАВЗУИ. Душанбе, 2023. С. 79-86.",2023,79-86,0,https://elibrary.ru/item.asp?id=56444673
46276563,52,ШАРОИТҲОИ АВВАЛИНДАРАҷА ВА ТАМОЮЛҲОИ РУШДИ ИҚТИСОДИЁТИ МИЛЛӢ ДАР ШАРОИТИ РАҚАМИКУНОНИИ ИҚТИСОДИЁТ,Қурбонзода М.Р.,Паёми Донишгоҳи давлатии тиҷорати Тоҷикистон. 2021. № 1 (35). С. 7-12.,2021,7-12,4,https://elibrary.ru/item.asp?id=46276563
44095618,53,THE DETERMINANTS OF FOREIGN DIRECT INVESTMENTS (FDIS) IN DIGITAL ECONOMY: A POLICY STUDY ON NIGERIAN ECONOMY,"Madojemu M., Gomado E.D.",Vestnik MIRBIS. 2020. № 3 (23). С. 41-48.,2020,41-48,1,https://elibrary.ru/item.asp?id=44095618
69210835,54,"ECONOMIC DIVERSIFICATION OF THE REPUBLIC OF AZERBAIJAN, THE ROLE OF THE MIDDLE CORRIDOR AS A MEANS TO DECREASE THE DEPENDENCY OF THE AZERBAIJANI ECONOMY ON OIL PRODUCTION",Gurbanova N.T.,Экономика строительства. 2024. № 8. С. 103-106.,2024,103-106,0,https://elibrary.ru/item.asp?id=69210835
47498266,55,THE END OF THE MARKET ECONOMY CYCLE AND THE BEGINNING OF THE NEW CIRCULAR ECONOMY,Mihajlovic S.,Social Sciences and Humanities: Theory and Practice. 2021. № 1 (5). С. 204-214.,2021,204-214,0,https://elibrary.ru/item.asp?id=47498266
43077274,56,ҚАЗАҚСТАН ЭКОНОМИКАСЫН ӘРТАРАПТАНДЫРУ ЖӘНЕ ШИКІЗАТТЫҚ ЕМЕС СЕКТОРЛАРДЫ ДАМЫТУ,"Избасарова Л.Б., Қадырбергенова А.Қ.","Статистика, есеп және аудит. 2020. № 1 (76). С. 91-96.",2020,91-96,0,https://elibrary.ru/item.asp?id=43077274
75127097,57,TEACHING ECONOMICS TO ENGLISH-SPEAKING STUDENTS OF MEDICAL SPECIALTIES: EVIDENCE FROM HEALTH CARE MANAGEMENT AND ECONOMICS DEPARTMENT OF KRASNOYARSK STATE MEDICAL UNIVERSITY,Malakhova A.A.,"В сборнике: Служение педагогическому делу 2024. сборник статей III Международного профессионально-методического конкурса. Петрозаводск, 2024. С. 48-54.",2024,48-54,0,https://elibrary.ru/item.asp?id=75127097
91177775,58,THE ROLE OF THE RUSSIAN ECONOMY IN THE GLOBAL ECONOMY: ADAPTATION CHALLENGES AND AREAS OF STRUCTURAL INFLUENCE,Brem M.M.,"В сборнике: Актуальные вопросы развития науки и современного общества. сборник статей IV Международной научно-практической конференции. В 2 ч.. Пенза, 2026. С. 21-23.",2026,21-23,0,https://elibrary.ru/item.asp?id=91177775
54291012,59,PRIORITY DIRECTIONS OF THE ECONOMY FOR THE TRANSITION TO A DIGITAL STATE IN A DIGITAL ECONOMY,Khabibullozoda M.Kh.,Herald of the Tajik State University of Commerce. 2022. № 4-2 (44). С. 90-95.,2022,90-95,4,https://elibrary.ru/item.asp?id=54291012
57959140,60,РУШДУ ТАРАҚҚИЁТИ ИҚТИСОДИЁТ ВА ПЕШРАФТИ СОҲАҲОИ ХОҶАГИИ ХАЛҚ АЗ ИСТИҚЛОЛИ ЭНЕРГЕТИКӢ,"Шеравганзода З.Ш., Ғиёсов Б.",Илм ва технологияи асри XXI. 2022. № 2 (8). С. 160-169.,2022,160-169,0,https://elibrary.ru/item.asp?id=57959140
47244310,61,KNOWLEDGE ECONOMY AS A STAGE OF DEVELOPMENT OF THE POST-INDUSTRIAL ECONOMY,"Stolyarova L.G., Vedenesku A.V., Moiseeva S.E.",Вестник Тульского филиала Финуниверситета. 2021. № 1. С. 264-266.,2021,264-266,2,https://elibrary.ru/item.asp?id=47244310
44892431,62,ИМКОНИЯТҲОИ ҲАМГИРОИИ ИҚТИСОДӢ БАЙНИ МУЗОФОТИ ХУДМУХТОРИ СИНСЗЯНУ УЙҒУР ВА ОСИЁИ МАРКАЗӢ,"Хушвахтзода Қ.Х., Асрорзода У.С.",Паёми Донишгоҳи миллии Тоҷикистон. Бахши илмҳои иҷтимоӣ-иқтисодӣ ва ҷамъиятӣ. 2020. № 10-2. С. 5-12.,2020,5-12,2,https://elibrary.ru/item.asp?id=44892431
43140171,63,THE IMPACT OF CORONAVIRUS ON THE WORLD ECONOMY AND ON THE ECONOMIES OF THE MOST AFFECTED EUROPEAN COUNTRIES,"Tarasova M.V., Ryazantsev O.R.",Вестник Тульского филиала Финуниверситета. 2020. № 1. С. 388-390.,2020,388-390,3,https://elibrary.ru/item.asp?id=43140171
44079421,64,ЗАРУРАТИ ТАҲҚИҚИ ШУҒЛИ АҲОЛИИ ИҚТИСОДИЁТИ НИҲОНӢ ДАР ТАЪМИНИ РУШДИ ИҚТИСОДИЁТИ МИЛЛӢ,Шарофова Ч.Р.,Паёми молия ва иқтисод. 2020. № 1 (21). С. 181-186.,2020,181-186,0,https://elibrary.ru/item.asp?id=44079421
89277902,65,ИҚТИСОДИ РАҚАМӢ ВА ТАЪСИРИ ОН БА РУШДИ ИҚТИСОДИ КИШОВАРЗӢ ВА БЕХАТАРИИ МАҲСУЛОТИ ОЗУҚАВОРӢ,"Ҳамдамзода Х.А., Асроров З.У.",Вестник Бохтарского государственного университета имени Носира Хусрава. Серия гуманитарных и экономических наук. 2026. № 1-1 (143). С. 289-294.,2026,289-294,0,https://elibrary.ru/item.asp?id=89277902
50313149,66,РАҚАМЛИ ИҚТИСОДИЁТ ШАРОИТИДА МИЛЛИЙ ИҚТИСОДИЁТ ТАРМОҚЛАРИНИ РИВОЖЛАНТИРИШ ИСТИҚБОЛЛАРИ,Бектемиров А.,Raqamli tеxnologiyalarning nazariy va amaliy masalalari xalqaro jurnali. 2022. Т. 1. № 1. С. 80-88.,2022,80-88,0,https://elibrary.ru/item.asp?id=50313149
89324479,67,САМАРАНОКИИ ҚАРЗИ БОНКӢ ҲАМЧУН ОМИЛИ РУШДИ ИҚТИСОДИ МИЛЛӢ ДАР ШАРОИТИ ТАШАККУЛИ «ИҚТИСОДИ САБЗ»,"Досиев М.Н., Шарипов Н.Г.","В сборнике: Аудит дар шароити рақамикунонӣ: муаммо, афзалият ва дурнамо. Душанбе, 2025. С. 100-104.",2025,100-104,0,https://elibrary.ru/item.asp?id=89324479
81680219,68,DIGITAL ECONOMY AND THE NEED FOR ITS APPLICATION IN DEVELOPMENT ECONOMIC INDUSTRIAL,Zamirova N.S.,"В сборнике: Цифровизация государственного и местного управления: организационный и экономический аспекты. Материалы международной научно-практической конференции на тему. Душанбе, 2025. С. 301-304.",2025,301-304,0,https://elibrary.ru/item.asp?id=81680219
45694730,69,ЖАШЫЛ ЭКОНОМИКА - ЭКОНОМИКАНЫН ЖАҢЫ БАГЫТЫ,"Жумукова С.Т., Толомушова З.Т., Кадырова М.К.",М. Рыскулбеков атындагы Кыргыз экономикалык университетинин кабарлары. 2019. № 2 (47). С. 66-68.,2019,66-68,0,https://elibrary.ru/item.asp?id=45694730
69026937,70,SOCRATES’ ECONOMICS VERSUS ISCHOMACHUS’ ECONOMICS,Mishurin A.,Schole. Ancient Philosophy and the Classical Tradition. 2024. Т. 18. № 1. С. 80-114.,2024,80-114,0,https://elibrary.ru/item.asp?id=69026937
81679738,71,САРМОЯИ ИНСОНӢ ВА INDUSTRY 4.0: ИҚТИСОДИ АНТРОПОСЕНТРИКӢ ВА ТРАНСФОРМАТСИЯИ САРМОЯИ ИНСОНӢ ДАР ИҚТИСОДИ РАҚАМӢ,Назриев К.Қ.,В сборнике: Рақамикунонии идоракунии давлатӣ ва маҳаллӣ: ҷанбаҳои ташкилӣ-иқтисодӣ. Маводи конференсияи байналмилалии илмию амалӣ дар мавзуи. 2025. С. 108-115.,2025,108-115,0,https://elibrary.ru/item.asp?id=81679738
48673528,72,COMPETITION AND COORDINATION OF CHINA’S REGIONAL ECONOMY IN THE CONTEXT OF DIGITAL ECONOMY,Yongjing Sh.,State and Municipal Management. Scholar Notes. 2022. № 2. С. 281-288.,2022,281-288,2,https://elibrary.ru/item.asp?id=48673528
82706090,73,SHADOW ECONOMY AND NON-OBSERVED ECONOMY: ACCOUNTING FEATURES AND ANALYSIS RESULTS,"Buletova N.E., Stepanova E.V., Almoatassembellah M.M.",Shadow Economy. 2025. Т. 9. № 1. С. 29-48.,2025,29-48,0,https://elibrary.ru/item.asp?id=82706090
47160955,74,PLANNING IN CAPITALIST ECONOMIES: THE EXAMPLE OF WARTIME ECONOMIES,Sapir Ja.,Вопросы политической экономии. 2021. № 3. С. 120-136.,2021,120-136,2,https://elibrary.ru/item.asp?id=47160955
82774195,75,NEW OPPORTUNITIES FOR THE DEVELOPMENT OF LOW ALTITUDE ECONOMY IN SCO MEMBER STATES IN THE DIGITAL ECONOMY ERA,Li R.,"В сборнике: Тенденции экономического развития в XXI веке. Материалы VII Международной научно-практической конференции. Минск, 2025. С. 694-698.",2025,694-698,0,https://elibrary.ru/item.asp?id=82774195
82607559,76,"МАСЪАЛАҲОИ РУШДИ ИҚТИСОДИЁТИ РАҚАМӢ, ИННОВАТСИЯ ВА ИҚТИСОДИЁТИ САБЗ ДАР ПАЁМИ ПЕШВОИ МИЛЛАТ","Миршарифзода Э.Қ., Маҳмадуллоев А.С., Давлатов Ҳ.Ҷ.","Паёми Донишкадаи омӯзгории Тоҷикистон дар ноҳияи Рашт. Бахши илмҳои ҳуқуқ, таърих ва иқтисод. 2025. № 2 (4). С. 167-174.",2025,167-174,2,https://elibrary.ru/item.asp?id=82607559
88819981,77,ИҚТИСОДИЁТИ САБЗ - ИҚТИСОДИЁТИ САРФАКУНАНДАИ ЗАХИРАҲО,Самадова З.А.,Кишоварз. 2025. Т. 109. № 4. С. 275-278.,2025,275-278,0,https://elibrary.ru/item.asp?id=88819981
48419896,78,THE ECONOMICS OF HAPPINESS։ FACTORS BEYOND THE TRADITIONAL ECONOMY,Danielyan G.,Scientific Artsakh. 2022. № 1 (12). С. 287-293.,2022,287-293,3,https://elibrary.ru/item.asp?id=48419896
88783191,79,ҶАНБАҲОИ НАЗАРИЯВИИ САРМОЯГУЗОРИҲО БА РУШДИ «ИҚТИСОДИЁТИ САБЗ» ДАР ШАРОИТИ ИҚТИСОДИ БОЗОРӢ,Давлатзода А.,Паёми молия ва иқтисод. 2025. № 4. С. 168-174.,2025,168-174,0,https://elibrary.ru/item.asp?id=88783191
44017068,80,"FELSEFEDEN İKTİSADA, İKTİSATTAN KRİZLERE, KRİZLERDEN DE TÜRKİYE’YE DERSLER",Ayyildiz F.V.,Karadeniz Uluslararası Bilimsel Dergi. 2017. № 33. С. 220-232.,2017,220-232,0,https://elibrary.ru/item.asp?id=44017068
48218953,81,BASIC ISSUES OF VIETNAM’S MARKET ECONOMY AND DIGITAL ECONOMY IN THE CONTEXT OF POST-COVID-19,Uoc T.M.,"Science, Education and Innovations in the Context of Modern Problems. 2021. Т. 2. № 2. С. 129-138.",2021,129-138,3,https://elibrary.ru/item.asp?id=48218953
49297022,82,ИҚТИСОДИЁТ ВА ИДОРАИ ХОҶАГИИ МИЛЛӢ (ИҚТИСОДИЁТИ МИНТАҚА) ТАҶРИБАИ ҶАҲОНИИ РУШДИ СОҲИБКОРИИ ХУРД ВА МИЁНА,Турсунова М.И.,Паёми Донишгоҳи миллии Тоҷикистон. Бахши илмҳои иҷтимоӣ-иқтисодӣ ва ҷамъиятӣ. 2022. № 5. С. 71-79.,2022,71-79,0,https://elibrary.ru/item.asp?id=49297022
54635154,83,RESEARCH OF THE INTERRELATION AND INTERDEPENDENCE OF CENTRAL ASIAN ECONOMIES: IMPACT OF THE ECONOMY OF KAZAKHSTAN,"Abaidullayeva M.M., Arupov A.A., Arupova A.A., Arupova N.R.",Вестник университета Туран. 2023. № 3 (99). С. 107-120.,2023,107-120,0,https://elibrary.ru/item.asp?id=54635154
67927091,84,THE ROLE OF THE KNOWLEDGE ECONOMY IN THE INNOVATION ECONOMY,"Hummaeva O.H., Rahmetova E.S., Kamyljanov A.K., Rustemova T.R.","В сборнике: СОВРЕМЕННЫЕ ИССЛЕДОВАНИЯ КАК ФАКТОР РОСТА И РАЗВИТИЯ. Сборник статей VIII Международной научно-практической конференции. Петрозаводск, 2024. С. 67-70.",2024,67-70,0,https://elibrary.ru/item.asp?id=67927091
68021953,85,ANALYSIS ON THE COORDINATED DEVELOPMENT OF CHINA'S REGIONAL ECONOMY THROUGH DIGITAL ECONOMY,"Yinzheng Wu., Jinghan Wu.",Sciences of Europe. 2024. № 144 (144). С. 26-31.,2024,26-31,2,https://elibrary.ru/item.asp?id=68021953
82370147,86,МОҲИЯТИ ИҚТИСОДИ РАҚАМӢ ВА АҲАМИЯТИ ОН ДАР РУШДИ ИҚТИСОДИЁТИ ҶУМҲУРИИ ТОҶИКИСТОН,Машрапов Қ.Ш.,"В сборнике: Рақамикунонии иқтисодиёт ҳамчун омили рушди иқтисодӣ. Маҷмӯи мақолаҳои конференсияи илмӣ-амалии байналмилалӣ дар мавзӯи. Душанбе, 2024. С. 191-198.",2024,191-198,0,https://elibrary.ru/item.asp?id=82370147
50199177,87,ХУЛҚ-АТВОР ИҚТИСОДИЁТИ ИҚТИСОДИЁТДА ЯНГИ ЙЎНАЛИШ СИФАТИДА,Нурдинова Ш.,Iqtisodiyot: Tahlillar va Prognozlar. 2022. № 4 (20). С. 128-131.,2022,128-131,0,https://elibrary.ru/item.asp?id=50199177
30453872,88,"ЦИФРОВАЯ ЭКОНОМИКА - ЭТО НЕ ТОЛЬКО ЭКОНОМИКА ЗНАНИЙ, НО И ЭКОНОМИКА ДОВЕРИЯ",,Налоговая политика и практика. 2017. № 10 (178). С. 16-17.,2017,16-17,2,https://elibrary.ru/item.asp?id=30453872
19758574,89,"ЭКОНОМИКА: ЭКОНОМИЧЕСКАЯ ТЕОРИЯ, ИСТОРИЯ ЭКОНОМИКИ, МИРОВАЯ ЭКОНОМИКА, МЕЖДУНАРОДНЫЕ ЭКОНОМИЧЕСКИЕ ОТНОШЕНИЯ",Гладков И.С.,"интегрированный учебный курс / Москва, 2005.",2005,,48,https://elibrary.ru/item.asp?id=19758574
44377493,90,ОРИЕНТИРЫ РАЗВИТИЯ ЭКОНОМИКИ НЕПРИЗНАННЫХ ГОСУДАРСТВ: ИНТЕГРАЦИЯ ЭКОНОМИКИ ДОНЕЦКОЙ НАРОДНОЙ РЕСПУБЛИКИ В ЭКОНОМИКУ РОССИЙСКОЙ ФЕДЕРАЦИИ,Романюк В.В.,"В сборнике: Донецкие чтения 2020: образование, наука, инновации, культура и вызовы современности. Материалы V Международной научной конференции. Под общей редакцией С.В. Беспаловой. 2020. С. 242-245.",2020,242-245,1,https://elibrary.ru/item.asp?id=44377493
49740468,91,РАЗВИТИЕ ЭКОНОМИКИ СОВМЕСТНОГО ПОТРЕБЛЕНИЯ (ШЕРИНГ-ЭКОНОМИКИ) И ЕЁ ВЛИЯНИЕ НА «ЗЕЛЕНУЮ» ЭКОНОМИКУ,Новокшонова Е.Н.,"В сборнике: Двадцать девятая годичная сессия ученого совета Сыктывкарского государственного университета имени Питирима Сорокина. Сборник статей Национальной конференции XXIХ годичной сессии Ученого совета. Сыктывкар, 2022. С. 110-115.",2022,110-115,1,https://elibrary.ru/item.asp?id=49740468
82799319,92,ЦИФРОВАЯ ЭКОНОМИКА КАК НОВАЯ ПАРАДИГМА ПРЕОДОЛЕНИЯ ТУРБУЛЕНТНОСТИ В СОВРЕМЕННОЙ ЭКОНОМИКЕ СТРАНЫ,"Сизова Д.А., Сизова Т.В., Адулова Е.С.","В сборнике: Актуальные вопросы экономики промышленности: поиск и выбор решений. Сборник материалов IV Национальной научно-практической конференции в ФГБОУ ВО «РЭУ им. Г.В. Плеханова». Москва, 2025. С. 154-158.",2025,154-158,0,https://elibrary.ru/item.asp?id=82799319
26466328,93,ЭКОНОМИКА ЗНАНИЙ КАК СТРАТЕГИЧЕСКАЯ ЦЕЛЬ РАЗВИТИЯ РОССИЙСКОЙ ЭКОНОМИКИ,Назаров А.А.,В сборнике: Проблемы и перспективы развития социально-экономического потенциала российских регионов. материалы V Всероссийской электронной научно-практической конференции. 2016. С. 514-517.,2016,514-517,1,https://elibrary.ru/item.asp?id=26466328
41121093,94,ЦИФРОВАЯ ЭКОНОМИКА И ЭКОНОМИКА ЗНАНИЙ,Воробьев А.Д.,Проблемы современной экономики. 2019. № 1 (69). С. 16-22.,2019,16-22,9,https://elibrary.ru/item.asp?id=41121093
41827380,95,ЦИФРОВАЯ ЭКОНОМИКА КАК ЭКОНОМИКА: ИНСТИТУЦИОНАЛЬНЫЕ ТРЕНДЫ,Аузан А.А.,Вестник Московского университета. Серия 6: Экономика. 2019. № 6. С. 12-19.,2019,12-19,118,https://elibrary.ru/item.asp?id=41827380
25164404,96,"ДЕЛОВАЯ ИГРА ""ГОСУДАРСТВО И ЭКОНОМИКА"" В КУРСЕ ""ЭКОНОМИКА ОБЩЕСТВЕННОГО СЕКТОРА""",Янковская К.Г.,"В сборнике: Актуальные вопросы преподавания в высшей школе: теория и практика. Сборник научных трудов : В 2 частях. Горно-Алтайск, 2015. С. 308-309.",2015,308-309,0,https://elibrary.ru/item.asp?id=25164404
15224584,97,ТЕЗИСЫ ОБ ЭКОНОМИКЕ КАК РЕАЛЬНОСТИ И ЭКОНОМИИ КАК СОБРАНИИ МЫСЛЕЙ ОБ ЭКОНОМИКЕ,Осипов Ю.М.,Экономические науки. 2005. № 10. С. 41-49.,2005,41-49,0,https://elibrary.ru/item.asp?id=15224584
86331170,98,ИИ В РАЗВИВАЮЩИХСЯ ЭКОНОМИКАХ: ВЛИЯНИЕ НА СТРАНЫ С ПЕРЕХОДНОЙ ЭКОНОМИКОЙ,"Гнилиме Д.А., Пузырный Н.А.","В сборнике: Экономика технологического лидерства: бизнес, наука, государство. Сборник научных трудов Международной научно-практической конференция, посвященной 95-летию РОСБИОТЕХ. Москва, 2025. С. 48-51.",2025,48-51,0,https://elibrary.ru/item.asp?id=86331170
28180887,99,"ИДЕНТИФИКАЦИЯ ФАКТОРОВ, ВОЗДЕЙСТВУЮЩИХ НА ОБЪЕМЫ ТРАНСАКЦИОННЫХ ИЗДЕРЖЕК РЕГИОНАЛЬНОЙ ЭКОНОМИКИ (НА ПРИМЕРЕ ПРОМЫШЛЕННОГО СЕКТОРА ЭКОНОМИКИ)","Петрова Е.А., Калинина В.В.","В сборнике: Стратегические ориентиры развития региональной экономики. Материалы VII ежегодной международной конференции [Электронный ресурс]. Под редакцией Е.Г. Руссковой, Е.А. Петровой. 2016. С. 347-356.",2016,347-356,2,https://elibrary.ru/item.asp?id=28180887
49544001,100,"ЭКОНОМИКА СИНОНИМ РЫНКА, РЫНОК СИНОНИМ ЭКОНОМИКИ",Тикин В.С.,Финансовый бизнес. 2022. № 9 (231). С. 3-7.,2022,3-7,0,https://elibrary.ru/item.asp?id=49544001
42787943,1,ИЗУЧЕНИЕ ОТЛИЧИТЕЛЬНЫХ ОСОБЕННОСТЕЙ СТУДЕНТА-СПОРТСМЕНА ОТ СТУДЕНТА,"Зенина И.В., Гаврилова Н.М.",Актуальные научные исследования в современном мире. 2020. № 2-4 (58). С. 51-53.,2020,51-53,0,https://elibrary.ru/item.asp?id=42787943
53328679,2,"ПРЕДСТАВЛЕНИЯ СТУДЕНТОВ О МЕЖЛИЧНОСТНЫХ КОНФЛИКТАХ В СИСТЕМАХ ""ПРЕПОДАВАТЕЛЬ - СТУДЕНТ"", ""СТУДЕНТ-СТУДЕНТ""","Корзун С.А., Чиникайло С.И.","В сборнике: Педагогическое образование в условиях трансформационных процессов: методология, теория, практика. материалы V международной научно-практической конференции. 2012. С. 413-414.",2012,413-414,0,https://elibrary.ru/item.asp?id=53328679
53328735,3,"ПРЕДСТАВЛЕНИЯ СТУДЕНТОВ О МЕЖЛИЧНОСТНЫХ КОНФЛИКТАХ В СИСТЕМАХ ""ПРЕПОДАВАТЕЛЬ - СТУДЕНТ"", ""СТУДЕНТ-СТУДЕНТ""","Мозолевская К.А., Бартош А.И.",В сборнике: ПСИХОЛОГИЯ РАЗВИТИЯ ЛИЧНОСТИ В СОВРЕМЕННОМ МИРЕ. материалы XVII Международной студенческой научно-практической конференции: научное электронное издание. Учреждение образования «Белорусский государственный педагогический университет имени Максима Танка». 2018.,2018,,0,https://elibrary.ru/item.asp?id=53328735
46192631,4,"USING AN ONLINE STUDENT RESPONSE SYSTEM, SOCRATIVE, TO FACILITATE GREATER STUDENT ENGAGEMENT IN NEUROLOGY CLASSES","Momunova A.A., Arynov Z.S., Zhenishbekova U.Zh., Kaipova A.K., Orozbek U.T.","В сборнике: Июньские морфологические чтения. Сборник научных трудов Всероссийской научно-практической конференции с международным участием, посвященной 85-летию со дня рождения российского морфолога, заслуженного деятеля науки РФ, основателя воронежской гистохимической школы, профессора Э.Г. Быкова. Под редакцией И.Э. Есауленко [и др.]. Воронеж, 2021. С. 300-305.",2021,300-305,0,https://elibrary.ru/item.asp?id=46192631
27677350,5,"ЖОҒАРЫ ОҚУ ОРНЫНДАҒЫ ""МҮМКІНДІГІ ШЕКТЕУЛІ СТУДЕНТ"" ПЕН ""КӘДІМГІ СТУДЕНТ""","Бейсенбаева Г.К., Турекулова Н.А.А., Агабекова У.А.",Научная дискуссия: вопросы педагогики и психологии. 2016. № 12 (57). С. 186-190.,2016,186-190,0,https://elibrary.ru/item.asp?id=27677350
19565493,6,"МЕЖВУЗОВСКИЙ СБОРНИК ТРУДОВ МОЛОДЫХ УЧЕНЫХ, АСПИРАНТОВ И СТУДЕНТОВ",,"Омск, 2004.",2004,,0,https://elibrary.ru/item.asp?id=19565493
86803459,7,ЭМОЦИОНАЛЬНЫЙ ИНТЕЛЛЕКТ У СТУДЕНТОВ-ПСИХОЛОГОВ И СТУДЕНТОВ-ЮРИСТОВ (НА ПРИМЕРЕ СТУДЕНТОВ ВВГУ),Кабанова В.Р.,В сборнике: Наука без границ. сборник материалов международного форума молодых ученых Электронное научное издание. 2022. С. 285-289.,2022,285-289,0,https://elibrary.ru/item.asp?id=86803459
16067896,8,"ОСОБЕННОСТИ ОТНОШЕНИЙ МЕЖЛИЧНОСТНОЙ ЗНАЧИМОСТИ В СИСТЕМАХ ""СТУДЕНТ - СТУДЕНТ"" И ""ПРЕПОДАВАТЕЛЬ - СТУДЕНТ"" В СОВРЕМЕННОМ РОССИЙСКОМ ВУЗЕ",Кондратьев Ю.М.,"диссертация на соискание ученой степени кандидата психологических наук / ГОУВПО Московский городской психолого-педагогический университет. Москва, 2005",2005,,10,https://elibrary.ru/item.asp?id=16067896
15894264,9,"ОСОБЕННОСТИ ОТНОШЕНИЙ МЕЖЛИЧНОСТНОЙ ЗНАЧИМОСТИ В СИСТЕМАХ ""СТУДЕНТ-СТУДЕНТ"" И ""ПРЕПОДАВАТЕЛЬ-СТУДЕНТ"" В СОВРЕМЕННОМ РОССИЙСКОМ ВУЗЕ",Кондратьев Ю.М.,"автореферат диссертации на соискание ученой степени кандидата психологических наук / Московский городской психолого-педагогический институт. Москва, 2005",2005,,6,https://elibrary.ru/item.asp?id=15894264
45624477,10,"ВЛИЯНИЕ ОТНОШЕНИЙ ""ПРЕПОДАВАТЕЛЬ - СТУДЕНТ"" И ""СТУДЕНТ - СТУДЕНТ"" НА СОЦИАЛЬНУЮ ВОВЛЕЧЕННОСТЬ УЧАЩИХСЯ",Богданова Ю.В.,Наука XXI века: актуальные направления развития. 2021. № 1-1. С. 146-149.,2021,146-149,3,https://elibrary.ru/item.asp?id=45624477
82366792,11,ОСОБЕННОСТИ АДАПТАЦИИ ИНОСТРАННЫХ СТУДЕНТОВ В НОВОЙ СОЦИАЛЬНОКУЛЬТУРНОЙ СРЕДЕ (НА ПРИМЕРЕ СТУДЕНТОВ ИЗ КАЗАХСТАНА И ИНОГОРОДНИХ СТУДЕНТОВ),"Дукки С.С., Голоусова Е.С.","В сборнике: Российские регионы в фокусе перемен. Сборник докладов XIX международной конференции студентов и молодых ученых. Екатеринбург, 2025. С. 473-475.",2025,473-475,0,https://elibrary.ru/item.asp?id=82366792
42575268,12,ВЛИЯНИЕ ОТНОШЕНИЙ ПРЕПОДАВАТЕЛЬ-СТУДЕНТ И СТУДЕНТ-СТУДЕНТ НА СОЦИАЛЬНУЮ ВОВЛЕЧЕННОСТЬ УЧАЩИХСЯ,Тишков Д.С.,Карельский научный журнал. 2020. Т. 9. № 1 (30). С. 37-39.,2020,37-39,59,https://elibrary.ru/item.asp?id=42575268
74499834,13,"НАСТАВНИЧЕСТВО ""СТУДЕНТ-СТУДЕНТ"" ПРИ АДАПТАЦИИ ИНОСТРАННЫХ СТУДЕНТОВ",Гарифуллина Р.Р.,"В сборнике: Внедрение научных исследований в образовательный процесс вуза. Материалы III Международного Круглого стола, посвященного Дню преподавателя высшей школы и Году педагога и наставника. Казань, 2024. С. 22-25.",2024,22-25,0,https://elibrary.ru/item.asp?id=74499834
42525543,14,MOTIVATED STUDENT IS A SUCCESSFUL STUDENT,"Drachuk V., Kopchuk T., Shchudrova T., Goroshko O.",The Scientific Heritage. 2020. № 44-4 (44). С. 14-16.,2020,14-16,1,https://elibrary.ru/item.asp?id=42525543
82808017,15,EMI STUDENT ADJUSTMENT: A PROCESS-BASED STAGE MODEL - A CASE OF EMI STUDENTS IN CHINA,Sun Y.,International Research Journal. 2025. № 8 (158).,2025,,0,https://elibrary.ru/item.asp?id=82808017
82667720,16,ASSESSMENT OF STUDENTS' DENTAL HEALTH AND ITS RELATIONSHIP WITH STUDENTS' QUALITY OF LIFE,Ismatov F.A.,Research Focus. 2024. Т. 3. № 8. С. 42-47.,2024,42-47,0,https://elibrary.ru/item.asp?id=82667720
88883893,17,SIGNALING OF PAIN BY STUDENTS WITH AND WITHOUT SPEECH DISABILITIES IN THE OPINION OF PEDAGOGICAL STUDENTS,Agnieszka K.W.,Bulletin WKU. 2025. № 4 (100). С. 14-21.,2025,14-21,0,https://elibrary.ru/item.asp?id=88883893
88987646,18,AWARENESS OF STUDENTS OF THE URAL STATE MEDICAL UNIVERSITY OF THE MINISTRY OF HEALTH OF THE RUSSIAN FEDERATION ABOUT THE INFLUENCE OF SLEEP PATTERNS ON COGNITIVE ABILITIES OF STUDENTS,"Savchenko T.A., Haetov M.M., Munina I.V.","В сборнике: Медицинское образование, наука, практика. Материалы X Международной научно-практической конференции молодых учёных и студентов. Екатеринбург, 2025. С. 146-150.",2025,146-150,0,https://elibrary.ru/item.asp?id=88987646
80385813,19,ФИЗИЧЕСКАЯ КУЛЬТУРА И СПОРТ,,"учебное пособие / Красноярский государственный педагогический университет им. В.П. Астафьева. Красноярск, 2019.",2019,,4,https://elibrary.ru/item.asp?id=80385813
52079866,20,ОКУУ ТАРБИЯ ПРОЦЕССИНДЕ СТУДЕНТТЕРДИ КЕСИПТИК ЖАКТАН КАЛЫПТАНДЫРУУДА КӨП МАДАНИЯТТУУ ТОЛЕРАНТТУУЛУККА ТАРБИЯЛООНУН ПЕДАГОГИКАЛЫК ШАРТТАРЫ,Джоошбекова З.Р.,Вестник Жалал-Абадского государственного университета. 2023. № 1 (54). С. 92-98.,2023,92-98,2,https://elibrary.ru/item.asp?id=52079866
48339642,21,A CROSS-CULTURAL STUDY OF HARDINESS AND WELL-BEING OF STUDENTS AND STUDENT-ATHLETES IN KAZAKHSTAN AND RUSSIA,Aldabergenov N.A.,Current Issues of Sports Psychology and Pedagogy. 2021. Т. 1. № 1-2. С. 42-48.,2021,42-48,0,https://elibrary.ru/item.asp?id=48339642
54791089,22,PSYCHOLOGICAL ASPECTS OF STUDENT ADAPTATION (ON THE EXAMPLE OF THE ASIAN MEDICAL INSTITUTE NAMED AFTER SATKYNBAI TENTISHEV),"Karagulova M., Mazhar Kh.","Наука, новые технологии и инновации Кыргызстана. 2023. № 4. С. 119-121.",2023,119-121,1,https://elibrary.ru/item.asp?id=54791089
48641798,23,TEACHING TENNIS TO NON-SPECIALIZED STUDENTS BY CASE STUDY METHOD (CASES OF STUDENTS STUDYING TENNIS AT THE UNIVERSITY OF DANANG),Chan M.T.,Молодой ученый. 2022. № 22 (417). С. 136-139.,2022,136-139,0,https://elibrary.ru/item.asp?id=48641798
45635956,24,BARRIERS BEFORE STUDENTS` ENTREPRENEURIAL INTENTIONS AND BUSINESS INITIATIVES - RESULTS BY EMPIRICAL STUDY OF BULGARIAN AND POLISH STUDENTS,"Hristova V., Wołejsza P.",Экономический вестник Донбасса. 2020. № 4 (62). С. 124-131.,2020,124-131,0,https://elibrary.ru/item.asp?id=45635956
46428430,25,"""5В060900-ГЕОГРАФИЯ"" МАМАНДЫҒЫ БОЙЫНША ""ҚАЗАҚСТАН ГЕОГРАФИЯСЫН"" ЗЕРТТЕУ ҮШІН СТУДЕНТТЕРДІҢ ОҚУ - ЗЕРТТЕУ ЖҰМЫСТАРЫН ПАЙДАЛАНУ","Амельченко В.И., Мэлс А.",BK̦MU habaršysy. 2018. № 4 (72). С. 92-98.,2018,92-98,0,https://elibrary.ru/item.asp?id=46428430
67975272,26,UNVEILING SUPERVISOR-SUPERVISEE RELATIONSHIPS IN MASTER’S THESIS WRITING: INSIGHTS FROM STUDENTS’ VOICES,"Dewi N., Ardhiani Yu.D., Sunarto E., Shakka A.",Education and Self-Development. 2024. Т. 19. № 2. С. 23-37.,2024,23-37,0,https://elibrary.ru/item.asp?id=67975272
90509966,27,PSYCHOLOGICAL PROBLEMS OF VIETNAMESE COLLEGE STUDENTS IN LEARNING ENGLISH SPEAKING SKILLS: STUDENTS’ PERCEPTIONS IN INTERCULTURAL COMMUNICATION,Mai Phuong N.H.,Язык. Культура. Образование. 2026. № 11. С. 47-52.,2026,47-52,0,https://elibrary.ru/item.asp?id=90509966
47245950,28,PEDAGOGICAL IMPLICATIONS ON INTERACTIVE APPROACHES OF TEACHING NON-LINGUISTIC STUDENTS ECONOMIC TERMINOLOGY,Nizamova U.S.,Universum: психология и образование. 2021. № 11 (89). С. 36-38.,2021,36-38,0,https://elibrary.ru/item.asp?id=47245950
41427651,29,СОЦИАЛЬНО-КУЛЬТУРНЫЕ ТЕХНИКИ ИНТЕГРАЦИИ ИНОСТРАННЫХ СТУДЕНТОВ (НА ПРИМЕРЕ КИТАЙСКИХ СТУДЕНТОВ АЛТАЙСКОГО ГОСУДАРСТВЕННОГО УНИВЕРСИТЕТА),Злобина Ю.И.,Социальная интеграция и развитие этнокультур в евразийском пространстве. 2019. Т. 2. № 8. С. 179-186.,2019,179-186,8,https://elibrary.ru/item.asp?id=41427651
78487834,30,ҲАДАФҲОИ ПЕШБАРАНДА ДАР ТАРБИЯИ МАЪНАВИЮ АХЛОҚИИ ХОНАНДАГОНИ СИНФҲОИ БОЛОӢ ВА ДОНИШҶЎЁНИ МАКТАБҲОИ ОЛӢ,Темирова Х.И.,Паёми Донишгоҳи миллии Тоҷикистон. 2024. № 12-2. С. 368-371.,2024,368-371,0,https://elibrary.ru/item.asp?id=78487834
49403430,31,INDEPENDENT WORK OF STUDENTS AT EMP CLASSES: EXPERIENCE OF VORONEZH MEDICAL UNIVERSITY,Torubarova I.I.,International Journal of Humanities and Natural Sciences. 2022. № 8-1 (71). С. 130-133.,2022,130-133,0,https://elibrary.ru/item.asp?id=49403430
51552007,32,ОСНОВНЫЕ СТРАТЕГИИ ПОВЕДЕНИЯ СТУДЕНТОВ ПРИ ВОЗНИКНОВЕНИИ КОНФЛИКТОВ В СИСТЕМЕ ГОРИЗОНТАЛЬНЫХ ОТНОШЕНИЙ «СТУДЕНТ-СТУДЕНТ»,Труханович Д.С.,"В сборнике: Искусство управления: тренды, технологии, эффективность. Сборник статей Научно-практической конференции с международным участием. Под редакцией С.А. Литвиновой, М.А. Овакимяна, Д.С. Труханович, М.Н. Ашировой. Ростов-на-Дону, 2023. С. 288-293.",2023,288-293,0,https://elibrary.ru/item.asp?id=51552007
29899221,33,МИГРАНТЫ-СТУДЕНТЫ И СТУДЕНТЫ-МИГРАНТЫ: АДАПТАЦИЯ ИНОКУЛЬТУРНЫХ СТУДЕНТОВ В РОССИЙСКИХ ВУЗАХ,Баранов А.С.,Ученые записки Комсомольского-на-Амуре государственного технического университета. 2017. Т. 2. № 2 (30). С. 83-88.,2017,83-88,3,https://elibrary.ru/item.asp?id=29899221
24956427,34,"СОЦИАЛЬНО-ПСИХОЛОГИЧЕСКИЕ СЛАГАЕМЫЕ МЕЖЛИЧНОСТНЫХ ОТНОШЕНИЙ В СИСТЕМЕ ""ПРЕПОДАВАТЕЛЬ-СТУДЕНТ"" И ""СТУДЕНТ-СТУДЕНТ""",Кидинов А.В.,"В сборнике: Теория и практика образования: история и современность. Сборник научных трудов кафедры теории и истории педагогики ЛГПУ. Липецк, 2003. С. 100-111.",2003,100-111,2,https://elibrary.ru/item.asp?id=24956427
54016960,35,МОДЕЛЬ НАСТАВНИЧЕСТВА «СТУДЕНТ - СТУДЕНТ» КАК ЭФФЕКТИВНЫЙ МЕХАНИЗМ СОПРОВОЖДЕНИЯ СТУДЕНТОВ ВО ВРЕМЯ УЧЕБЫ В ПРОФЕССИОНАЛЬНОЙ ОБРАЗОВАТЕЛЬНОЙ ОРГАНИЗАЦИИ,Палей С.Ф.,"В сборнике: Профессиональное образование и занятость молодежи: XXI век. Год педагога и наставника: сохраняя прошлое, создаем будущее. Материалы Международной научно-практической конференции. Кемерово, 2023. С. 185-187.",2023,185-187,0,https://elibrary.ru/item.asp?id=54016960
44091361,36,"ОСОБЕННОСТИ ВЗАИМОДЕЙСТВИЯ ПРЕПОДАВАТЕЛЬ-СТУДЕНТ, СТУДЕНТ-СТУДЕНТЫ В НОВЫХ УСЛОВИЯХ ОБРАЗОВАТЕЛЬНОГО ПРОЦЕССА",Гладкая И.В.,"В сборнике: ПЕДАГОГИЧЕСКАЯ НАУКА И ПРАКТИКА В УСЛОВИЯХ ЦИФРОВИЗАЦИИ ОБРАЗОВАНИЯ: НОВЫЕ ВЫЗОВЫ И РЕШЕНИЯ. сборник докладов Х научно-практической конференции. Санкт-Петербург, 2020. С. 212-218.",2020,212-218,0,https://elibrary.ru/item.asp?id=44091361
42776037,37,ПАРАСОМНИИ У СТУДЕНТОВ-МЕДИКОВ И СТУДЕНТОВ ГУМАНИТАРНЫХ СПЕЦИАЛЬНОСТЕЙ,"Вишняков А.В., Леушина Е.С.","В сборнике: Молодежь и медицинская наука в XXI веке. Материалы XXI Всероссийской научной заочной конференции студентов и молодых ученых с международным участием. Под редакцией Л.М. Железнова, М.П. Разина, Е.С. Прокопьева. 2020. С. 458-461.",2020,458-461,0,https://elibrary.ru/item.asp?id=42776037
45674007,38,УЧЁТ ОСОБЕННОСТЕЙ НАЦИОНАЛЬНОГО ХАРАКТЕРА СТУДЕНТОВ ИЗ АЗИИ В РЕШЕНИИ ПРОБЛЕМЫ АДАПТАЦИИ ИНОСТРАННЫХ СТУДЕНТОВ,Радюк Е.В.,"В сборнике: Язык. Общество. Медицина. Материалы ХVIII Республиканской студенческой конференции и ХV Республиканского научно-практического семинара. Отв. редактор Е.П. Пустошило. Гродно, 2019. С. 417-419.",2019,417-419,2,https://elibrary.ru/item.asp?id=45674007
47421439,39,"ОПЫТ РЕАЛИЗАЦИИ МОДЕЛИ НАСТАВНИЧЕСТВА ""СТУДЕНТ - СТУДЕНТ"" В ТЕХНИКУМЕ",Ермоленко Е.А.,Образование. Карьера. Общество. 2021. № 4 (71). С. 57-58.,2021,57-58,8,https://elibrary.ru/item.asp?id=47421439
25845974,40,"СИСТЕМА ЭСТЕТИЧЕСКОЙ ПОДГОТОВКИ СТУДЕНТОВ ""СИСТЕМА ЭСТЕТИЧЕСКОЙ ПОДГОТОВКИ СТУДЕНТОВ"" В ВЫСШИХ УЧЕБНЫХ ЗАВЕДЕНИЯХ","Юсупова Х., Ходжимуродова Р.",Наука и новые технологии. 2007. № 3-4. С. 104-105.,2007,104-105,0,https://elibrary.ru/item.asp?id=25845974
89340510,41,PARALIMPIYA SPORT TURI BILAN SHUG‘ULLANUVCHI TALABALARNING KUCH SIFATINI TAKOMILLASHGANLIK DARAJASINI O‘LCHASH USULLARI,Mahmudjonov A.A.,Research Focus. 2025. Т. 4. № 10. С. 97-101.,2025,97-101,0,https://elibrary.ru/item.asp?id=89340510
17800770,42,СОВМЕСТНАЯ ДЕЯТЕЛЬНОСТЬ ПРЕПОДАВАТЕЛЯ И СТУДЕНТОВ ПО РАЗВИТИЮ ПОЗНАВАТЕЛЬНОЙ АКТИВНОСТИ СТУДЕНТОВ В ПРОЦЕССЕ ОБУЧЕНИЯ,"Касаткина Н.Э., Дерябина Н.В.",Вестник Кемеровского государственного университета. 2005. № 1 (21). С. 115-116.,2005,115-116,0,https://elibrary.ru/item.asp?id=17800770
41263842,43,"СРАВНИТЕЛЬНЫЙ АНАЛИЗ ЛИЧНОСТНЫХ КАЧЕСТВ СТУДЕНТОВ-СПОРТСМЕНОВ РАЗНЫХ СПОРТИВНЫХ КВАЛИФИКАЦИЙ И СТУДЕНТОВ, НЕ ЗАНИМАЮЩИХСЯ СПОРТОМ",Попова М.В.,Научное мнение. 2019. № 9. С. 95-98.,2019,95-98,9,https://elibrary.ru/item.asp?id=41263842
49830074,44,ЭФФЕКТИВНОЕ УСТАНОВЛЕНИЕ ОТНОШЕНИЙ ПРЕПОДАВАТЕЛЬ-СТУДЕНТ КАК ВАЖНОЕ УСЛОВИЕ ФОРМИРОВАНИЯ ПЕДАГОГИЧЕСКОЙ ТОЛЕРАНТНОСТИ,Бабаева Л.Ф.Г.,"Наука, новые технологии и инновации Кыргызстана. 2022. № 6. С. 278-281.",2022,278-281,1,https://elibrary.ru/item.asp?id=49830074
88870936,45,ДИАГНОСТИКА УРОВНЯ СФОРМИРОВАННОСТИ ГРАЖДАНСКОЙ ИДЕНТИЧНОСТИ СТУДЕНТОВ (ПО МАТЕРИАЛАМ АНКЕТИРОВАНИЯ СТУДЕНТОВ ЗАБАЙКАЛЬСКОГО ГОСУДАРСТВЕННОГО УНИВЕРСИТЕТА),Григорян Т.В.,"В сборнике: Россия: сохранение единства и многообразия в условиях глобальных трансформаций. Материалы Всероссийской научно-практической конференции. Москва, 2025. С. 143-149.",2025,143-149,0,https://elibrary.ru/item.asp?id=88870936
89340507,46,TALABALARNING KIMYO FANI BO‘YICHA AMALIY KO‘NIKMALARINI RIVOJLANTIRISHDA INTERFAOL METODLARNING AFZALLIKLARI,Boqijonova M.I.,Research Focus. 2025. Т. 4. № 10. С. 82-87.,2025,82-87,0,https://elibrary.ru/item.asp?id=89340507
25326104,47,АНАЛИЗ СТИМУЛИРОВАНИЯ СОВРЕМЕННЫХ СТУДЕНТОВ ГИБКИМ РАБОЧИМ ВРЕМЕНЕМ (НА ПРИМЕРЕ СТУДЕНТОВ ФАКУЛЬТЕТА ЭКОНОМИКИ И УПРАВЛЕНИЯ ВГСПУ),"Гриценко В.С., Попова К.А.",Теория и практика современной науки. 2015. № 4 (4). С. 57-59.,2015,57-59,7,https://elibrary.ru/item.asp?id=25326104
80273489,48,САМОСТОЯТЕЛЬНАЯ РАБОТА СТУДЕНТОВ НА КАФЕДРЕ ФАКУЛЬТЕТСКОЙ ХИРУРГИИ КАК РАЗВИТИЕ И САМООРГАНИЗАЦИЯ ЛИЧНОСТИ СТУДЕНТОВ-МЕДИКОВ,"Щаева С.Н., Волынец Л.И.",Смоленский медицинский альманах. 2024. № 4. С. 250-255.,2024,250-255,0,https://elibrary.ru/item.asp?id=80273489
83000201,49,"ПСИХОЛОГИЯ ОБУЧЕНИЯ СТУДЕНТОВ АГРАРНЫХ ВУЗОВ, ВЛИЯНИЕ МОТИВАЦИИ И УВЕРЕННОСТИ НА УСПЕХИ СТУДЕНТОВ","Андрюшечкина Н.А., Татарчук А.П., Бабкина А.А., Иванова М.С., Шорохов П.Н.",Образование и право. 2025. № 9. С. 472-476.,2025,472-476,0,https://elibrary.ru/item.asp?id=83000201
44397254,50,ВЗАИМОСВЯЗЬ КРЕАТИВНОСТИ И САМОРЕГУЛЯЦИИ СТУДЕНТОВ-СПОРТСМЕНОВ И СТУДЕНТОВ-ПСИХОЛОГОВ,Хуторянская Т.В.,"В сборнике: Гуманизация образовательного пространства. Сборник научных статей по материалам Международного Форума. Саратов, 2020. С. 248-254.",2020,248-254,0,https://elibrary.ru/item.asp?id=44397254
16198086,51,МОТИВАЦИЯ СТУДЕНТОВ И ПСИХОЛОГИЧЕСКИЕ ТРУДНОСТИ В ОВЛАДЕНИИ ИНОСТРАННЫМ ЯЗЫКОМ (НА ПРИМЕРЕ СТУДЕНТОВ ИНЖЕНЕРНЫХ СПЕЦИАЛЬНОСТЕЙ),Соселия И.Л.,"диссертация на соискание ученой степени кандидата психологических наук / ГОУВПО ""Российский университет дружбы народов"". Москва, 2009",2009,,2,https://elibrary.ru/item.asp?id=16198086
16063270,52,РАЗВИТИЕ ТВОРЧЕСКИХ УМЕНИЙ СТУДЕНТОВ ПРИ ОБУЧЕНИИ В УНИВЕРСИТЕТЕ (НА ПРИМЕРЕ ПЕДАГОГИЧЕСКОЙ ПРАКТИКИ СТУДЕНТОВ ТЕХНОЛОГИЧЕСКОГО ИНСТИТУТА),Семенов Н.С.,"диссертация на соискание ученой степени кандидата педагогических наук / Москва, 2004",2004,,1,https://elibrary.ru/item.asp?id=16063270
75077743,53,"ФОРМИРОВАНИЕ ГОТОВНОСТИ СТУДЕНТОВ КОЛЛЕДЖА К НАСТАВНИЧЕСТВУ ПО МОДЕЛИ ""СТУДЕНТ - ВОСПИТАННИК ДЕТСКОГО ДОМА""",Мирутенко С.А.,"Приложение к журналу ""Среднее профессиональное образование"". 2024. № 10. С. 10-19.",2024,10-19,0,https://elibrary.ru/item.asp?id=75077743
54283536,54,ВЛИЯНИЕ СРЕДСТВ МАССОВОЙ ИНФОРМАЦИИ НА СТУДЕНЧЕСКУЮ МОЛОДЕЖЬ,"Маймакова А.А., Бураканова Г.М.",Вестник Торайгыров университета. Гуманитарная серия. 2021. № 1. С. 124-132.,2021,124-132,1,https://elibrary.ru/item.asp?id=54283536
53745269,55,"СТУДЕНЧЕСКОЕ ОБЪЕДИНЕНИЕ КАК СОВРЕМЕННАЯ ФОРМА СИСТЕМЫ НАСТАВНИЧЕСТВА ""СТУДЕНТ - СТУДЕНТ""",Мягков М.И.,"В сборнике: Наставничество в образовании: культура, идеи, технологии. Материалы Всероссийской с международным участием научно-практической конференции. Главный редактор Г.А. Кругликова. Екатеринбург, 2023. С. 233-238.",2023,233-238,3,https://elibrary.ru/item.asp?id=53745269
15233192,56,"ЛИЧНОСТНО ОРИЕНТИРОВАННОЕ ВЗАИМОДЕЙСТВИЕ ""СТУДЕНТ-ПРЕПОДАВАТЕЛЬ"" И ЕГО РОЛЬ В ФОРМИРОВАНИИ ЛИЧНОСТНЫХ КАЧЕСТВ СТУДЕНТОВ ВУЗА",Викулина М.А.,Наука и школа. 2010. № 3. С. 43-44.,2010,43-44,8,https://elibrary.ru/item.asp?id=15233192
48967919,57,ОТНОШЕНИЕ СТУДЕНЧЕСКОЙ МОЛОДЕЖИ К ЗАНЯТИЯМ ФИЗИЧЕСКОЙ КУЛЬТУРОЙ И МАССОВЫМИ ВИДАМИ СПОРТА,"Тен А.В., Шепетюк М.Н., Зауренбеков Б.З., Телемгенова А.М., Шепетюк Н.М.",Теория и методика физической культуры. 2022. № 2 (68). С. 107-115.,2022,107-115,4,https://elibrary.ru/item.asp?id=48967919
49915003,58,"СТУДЕНЧЕСКИЙ ВИДЕОПРОЕКТ ""ЖИЗНЬ СТУДЕНТА-МЕДИКА В РОССИИ ГЛАЗАМИ ИНОСТРАНЦЕВ"" КАК ПЕДАГОГИЧЕСКОЕ СРЕДСТВО АДАПТАЦИИ ИНОСТРАННЫХ СТУДЕНТОВ","Ефремова Н.В., Чигринова Е.А., Кудрявцева И.И.",Primo Aspectu. 2022. № 4 (52). С. 120-125.,2022,120-125,1,https://elibrary.ru/item.asp?id=49915003
46589695,59,К ВОПРОСУ ПРИОБЩЕНИЯ СТУДЕНЧЕСКОЙ МОЛОДЕЖИ К СИСТЕМЕ НАЦИОНАЛЬНЫХ ЦЕННОСТЕЙ,"Сырымбетова Л.С., Сергеева В.В., Бутенова К.С.",Вестник Инновационного Евразийского университета. 2020. № 4 (80). С. 29-35.,2020,29-35,0,https://elibrary.ru/item.asp?id=46589695
53841317,60,"СТУДЕНЧЕСКОЕ НАСТАВНИЧЕСТВО В ФОРМЕ МОДЕЛИ ""СТУДЕНТ - СТУДЕНТ"" (С ИСПОЛЬЗОВАНИЕМ ФОРМЫ НАСТАВНИЧЕСТВА ""БРИГАДИРСТВО""",Валова Э.Ю.,Образование: Ресурсы развития. Вестник ЛОИРО. 2023. № 1. С. 98-102.,2023,98-102,8,https://elibrary.ru/item.asp?id=53841317
82633758,61,ЗДОРОВЫЙ СТУДЕНТ - УСПЕШНЫЙ СТУДЕНТ: РОЛЬ СПОРТА В ОБРАЗОВАНИИ,"Рыжкина Л.А., Фомичев М.О.","В сборнике: Социально-педагогические аспекты физического воспитания и спортивной тренировки. Сборник научных трудов XXII Всероссийской научно-практической конференции. Ульяновск, 2025. С. 456-461.",2025,456-461,0,https://elibrary.ru/item.asp?id=82633758
82450945,62,ПРОФЕССИОНАЛЬНОЕ САМООПРЕДЕЛЕНИЕ СТУДЕНТОВ КАК ТВОРЧЕСКИЙ ПОТЕНЦИАЛ ФОРМИРОВАНИЯ ВРЕМЕННОЙ ПЕРСПЕКТИВЫ ЛИЧНОСТИ СТУДЕНТОВ,Токарева И.Н.,"В сборнике: Артпедагогика и артпсихология в век инноваций. Сборник статей по материалам VI Международной научно-практической конференции, проводимой в рамках Всероссийского фестиваля науки NAUKA 0+. Химки, 2025. С. 186-192.",2025,186-192,0,https://elibrary.ru/item.asp?id=82450945
64119818,63,НАУЧНО-ИССЛЕДОВАТЕЛЬСКАЯ РАБОТА СТУДЕНТОВ И ЕЕ РОЛЬ В ПОВЫШЕНИИ КАЧЕСТВА ПОДГОТОВКИ СТУДЕНТОВ ТЕХНИЧЕСКИХ СПЕЦИАЛЬНОСТЕЙ,Кулагина С.В.,"В сборнике: Современные проблемы технического образования. Материалы XXIII Всероссийской научно-методической конференции. Йошкар-Ола, 2023. С. 85-87.",2023,85-87,0,https://elibrary.ru/item.asp?id=64119818
24918491,64,"СПЕЦИФИКА СТРЕССА У СТУДЕНТОВ, ПРОЖИВАЮЩИХ В ОБЩЕЖИТИИ И СТУДЕНТОВ, ПРОЖИВАЮЩИХ С РОДИТЕЛЯМИ",Нечаенко И.Я.,Современные тенденции развития науки и технологий. 2015. № 7-9. С. 96-98.,2015,96-98,4,https://elibrary.ru/item.asp?id=24918491
80651330,65,АНАЛИЗ МНЕНИЯ СТУДЕНТОВ-МЕДИКОВ О НАУЧНОЙ ДЕЯТЕЛЬНОСТИ СТУДЕНТОВ ДЛЯ ПРОФЕССИОНАЛЬНОГО И ТВОРЧЕСКОГО РАЗВИТИЯ,Алябьева Е.С.,"В сборнике: Наука в аудитории: образовательные технологии для исследовательской деятельности. Сборник научных трудов I Международной студенческой научно-практической конференции. Курск, 2024. С. 50-52.",2024,50-52,0,https://elibrary.ru/item.asp?id=80651330
29314990,66,ВОСПИТАТЕЛЬНАЯ РАБОТА СО СТУДЕНТАМИ-ИНВАЛИДАМИ И СТУДЕНТАМИ С ОВЗ В ЛЕНИНГРАДСКОМ СОЦИАЛЬНО-ПЕДАГОГИЧЕСКОМ КОЛЛЕДЖЕ,Денисова Н.А.,"В сборнике: Инклюзивные процессы в образовательных организациях высшего и среднего профессионального образования: опыт, проблемы и перспективы. сборник статей Всероссийской научно-практической конференции. 2017. С. 146-153.",2017,146-153,1,https://elibrary.ru/item.asp?id=29314990
75073989,67,"МЕСТО И РОЛЬ СИСТЕМНО-ДЕЯТЕЛЬНОСТНОГО ПОДХОДА В МОДЕЛИ НАСТАВНИЧЕСТВА ""СТУДЕНТ-СТУДЕНТ""",Матусевич П.А.,"В сборнике: XVIII Машеровские чтения. Материалы международной научно-практической конференции студентов, аспирантов и молодых ученых. В 2-х томах. Витебск, 2024. С. 183-185.",2024,183-185,0,https://elibrary.ru/item.asp?id=75073989
83142366,68,ПРИЧИНЫ И ПОСЛЕДСТВИЯ КОРРУПЦИОННОГО ПОВЕДЕНИЯ СТУДЕНТОВ С ТОЧКИ ЗРЕНИЯ САМИХ СТУДЕНТОВ,"Краснова Е.А., Сагирян И.Г.",Nomothetika: Философия. Социология. Право. 2025. Т. 50. № 3. С. 548-564.,2025,548-564,0,https://elibrary.ru/item.asp?id=83142366
71963432,69,ВЛИЯНИЕ ФИЗИЧЕСКОЙ НАГРУЗКИ НА ПОКАЗАТЕЛИ УМСТВЕННОЙ РАБОТОСПОСОБНОСТИ СТУДЕНТОВ (НА ПРИМЕРЕ СТУДЕНТОВ МЕДИЦИНСКОГО ВУЗА),"Гордеева Т.Д., Ермокина С.М., Толмачёв Д.А.",Наукосфера. 2024. № 9-1. С. 102-105.,2024,102-105,1,https://elibrary.ru/item.asp?id=71963432
59411187,70,ПРОФИЛАКТИЧЕСКАЯ РАБОТА СТУДЕНТОВ ЛЕЧЕБНОГО ФАКУЛЬТЕТА МЕДИЦИНСКОГО УНИВЕРСИТЕТА КГМУ СРЕДИ ИНОСТРАННЫХ СТУДЕНТОВ ПО ПРОФИЛАКТИКЕ МЕЖНАЦИОНАЛЬНОЙ РОЗНИ,Козлёнкова О.А.,"В сборнике: Наука молодых - будущее России. сборник научных статей 8-й Международной научной конференции перспективных разработок молодых ученых. Курск, 2023. С. 113-116.",2023,113-116,0,https://elibrary.ru/item.asp?id=59411187
68622773,71,"ПРЕДСТАВЛЕНИЯ О ПОНЯТИИ ""ЗДОРОВЬЕ"" СТУДЕНТОВ-ОПТИМИСТОВ И СТУДЕНТОВ-ПЕССИМИСТОВ",Каширская И.К.,"В сборнике: Здоровьесберегающие технологии: психическое и физическое здоровье. Сборник статей Международной научно-практической конференции. Новополоцк, 2024. С. 66-71.",2024,66-71,1,https://elibrary.ru/item.asp?id=68622773
32444960,72,ОБРАЗОВАТЕЛЬНЫЕ СТРАТЕГИИ СТУДЕНТОВ: НА ПРИМЕРЕ СТУДЕНТОВ РЫБИНСКОГО ФИЛИАЛА РАНХИГС,Чернецова У.А.,В сборнике: НАУЧНЫЕ РЕВОЛЮЦИИ: СУЩНОСТЬ И РОЛЬ В РАЗВИТИИ НАУКИ И ТЕХНИКИ. сборник статей Международной научно-практической конференции. 2018. С. 307-309.,2018,307-309,0,https://elibrary.ru/item.asp?id=32444960
23332899,73,РЕЧЕВОЙ ПОРТРЕТ СОЦИАЛЬНОЙ ГРУППЫ СТУДЕНТОВ (НА ПРИМЕРЕ ГРУППЫ СТУДЕНТОВ ГСУП-12-9-1),"Никитина Ю., Позмогова Г.В.","В сборнике: ЧЕЛОВЕЧЕСКИЙ И ПРОФЕССИОНАЛЬНЫЙ ПОТЕНЦИАЛ МОЛОДЕЖИ РЕГИОНА. Материалы Всероссийской научно-практической конференции молодых ученых, аспирантов, студентов. 2014. С. 292-294.",2014,292-294,0,https://elibrary.ru/item.asp?id=23332899
23416183,74,ПРОЦЕСС АДАПТАЦИИ ИНОСТРАННЫХ СТУДЕНТОВ В РОССИИ (НА ПРИМЕРЕ СТУДЕНТОВ ИЗ КИТАЯ),"Баранова Н.М., Глазова Т.Д., Кузнецова Е.Е., Лю Х., Чжао И.",В сборнике: Актуальные проблемы социальной коммуникации. материалы второй Международной научно-практической конференции. 2011. С. 118-121.,2011,118-121,6,https://elibrary.ru/item.asp?id=23416183
46557309,75,STUDENT - COMPUTER GAMES - ENGLISH LANGUAGE,"Baykenova K.A., Atygaeva J.E.",Вестник Инновационного Евразийского университета. 2019. № 3 (75). С. 6-9.,2019,6-9,1,https://elibrary.ru/item.asp?id=46557309
29314984,76,"ОБРАЗОВАТЕЛЬНЫЕ ТЕХНОЛОГИИ, ПРИМЕНЯЕМЫЕ ПРИ ОБУЧЕНИИ СТУДЕНТОВ-ИНВАЛИДОВ И СТУДЕНТОВ С ОВЗ",Фуфлыгина Н.А.,"В сборнике: Инклюзивные процессы в образовательных организациях высшего и среднего профессионального образования: опыт, проблемы и перспективы. сборник статей Всероссийской научно-практической конференции. 2017. С. 117-121.",2017,117-121,0,https://elibrary.ru/item.asp?id=29314984
44732683,77,СPАВНЕНИЕ ДИДАКТИЧЕСКИХ ЗАТPУДНЕНИЙ СТУДЕНТОВ-ЗАОЧНИКОВ И СТУДЕНТОВ-ВЫПУСКНИКОВ СТАЦИОНАPНОГО ОТДЕЛЕНИЯ МАТЕМАТИЧЕСКОГО ФАКУЛЬТЕТА ПЕДИНСТИТУТА,Полякова Т.С.,"В сборнике: Молодежь и наука. сборник статей аспирантов. Ростов-на-Дону, 1976. С. 66-69.",1976,66-69,0,https://elibrary.ru/item.asp?id=44732683
48454478,78,СРАВНЕНИЕ ОБРАЗА ЖИЗНИ СТУДЕНТОК И СТУДЕНТОВ ИЖЕВСКОЙ ГОСУДАРСТВЕННОЙ МЕДИЦИНСКОЙ АКАДЕМИИ И СТУДЕНТОВ УДМУРТСКОГО ГОСУДАРСТВЕННОГО УНИВЕРСИТЕТА,"Чебакова Н.А., Ханнанова Д.Р., Хатбуллин Б.Ф.",Студенческий форум. 2022. № 16-1 (195). С. 39-41.,2022,39-41,0,https://elibrary.ru/item.asp?id=48454478
82727710,79,ОЦЕНКА АКАДЕМИЧЕСКОГО ВЫГОРАНИЯ СТУДЕНТОВ: ТЕСТ ОЦЕНКИ ВЫГОРАНИЯ ДЛЯ СТУДЕНТОВ BAT-S,Чернявский А.А.,"В сборнике: Психологическая служба университета: проблемы и перспективы развития. Материалы Всероссийской научно-практической конференции с международным участием. Москва, 2025. С. 271-277.",2025,271-277,0,https://elibrary.ru/item.asp?id=82727710
59764053,80,РАЗВИТИЕ КРЕАТИВНОСТИ СТУДЕНТОВ ИНЖЕНЕРНЫХ ФАКУЛЬТЕТОВ КАК ЧАСТЬ ВОСПИТАТЕЛЬНОЙ РАБОТЫ СО СТУДЕНТАМИ,Петрова Н.П.,"В сборнике: Аграрное образование: опыт и приоритеты развития (год педагога и наставника). Сборник статей по материалам учебно-методической конференции. Краснодар, 2023. С. 231-232.",2023,231-232,0,https://elibrary.ru/item.asp?id=59764053
87249995,81,СРАВНИТЕЛЬНЫЕ ОСОБЕННОСТИ ОТНОШЕНИЯ К АКАДЕМИЧЕСКОМУ МОШЕННИЧЕСТВУ СТУДЕНТОВ ПЕДАГОГИЧЕСКИХ СПЕЦИАЛЬНОСТЕЙ И СТУДЕНТОВ-ПСИХОЛОГОВ,Архиреева Т.В.,Психология обучения. 2025. № 2. С. 101-110.,2025,101-110,0,https://elibrary.ru/item.asp?id=87249995
37523911,82,"ВНЕАУДИТОРНАЯ САМОСТОЯТЕЛЬНАЯ РАБОТА СТУДЕНТОВ ПО УЧЕБНОЙ ДИСЦИПЛИНЕ ""АНАТОМИЯ"" КАК СРЕДСТВО ФОРМИРОВАНИЯ ИССЛЕДОВАТЕЛЬСКОЙ КОМПЕТЕНЦИИ СТУДЕНТОВ",Тыасытова А.Н.,"В сборнике: Физическая культура, спорт, наука и образование. Материалы III всероссийской научной конференции, посвященной 70-летию со дня рождения олимпийского чемпиона Р.М. Дмитриева. Под редакцией С.С. Гуляевой, А.Ф. Сыроватской. 2019. С. 194-197.",2019,194-197,1,https://elibrary.ru/item.asp?id=37523911
41890885,83,УРОВЕНЬ ЦИФРОВОЙ ГРАМОТНОСТИ СТУДЕНТОВ КАК ФАКТОР УСПЕШНОГО ОБУЧЕНИЯ СТУДЕНТОВ В УСЛОВИЯХ ЦИФРОВОЙ ЭКОНОМИКИ,Донченко Я.А.,В сборнике: Современное образование: мировые тенденции и региональные аспекты. Сборник материалов межвузовской научно-практической конференции. 2019. С. 11-13.,2019,11-13,0,https://elibrary.ru/item.asp?id=41890885
85608907,84,ПРОФЕССИОНАЛЬНЫЙ ЖАРГОН СТУДЕНТОВ-АРХИТЕКТОРОВ И СТУДЕНТОВ-СТРОИТЕЛЕЙ: СРАВНИТЕЛЬНЫЙ АНАЛИЗ (НА МАТЕРИАЛЕ АНКЕТИРОВАНИЯ,"Платицына А.А., Позднякова Е.Ю.","В сборнике: Актуальные вопросы лингвистики и литературоведения. Сборник научных статей по материалам международной научной конференции памяти доктора филологических наук, профессора Л.А. Араевой. Кемерово, 2025. С. 94-101.",2025,94-101,0,https://elibrary.ru/item.asp?id=85608907
48052658,85,USE OF MOBILE EDUCATION IN PROFESSIONAL TRAINING OF STUDENTS,Suropov B.M.,Education and innovative research. 2021. № 4. С. 48-54.,2021,48-54,0,https://elibrary.ru/item.asp?id=48052658
38204154,86,"КОРРЕЛЯЦИОННЫЕ ВЗАИМОСВЯЗИ МЕЖДУ ЛИЧНОСТНЫМИ ХАРАКТЕРИСТИКАМИ, ПОКАЗАТЕЛЯМИ ФИЗИЧЕСКОЙ ПОДГОТОВЛЕННОСТИ У ЗДОРОВЫХ СТУДЕНТОВ И СТУДЕНТОВ С ХРОНИЧЕСКИМИ ЗАБОЛЕВАНИЯМИ","Сухинина К.В., Александрович О.Ю., Колесникова А.Ю., Павлов А.Н., Кудрявцев М.Д.",Человек. Спорт. Медицина. 2019. Т. 19. № 2. С. 69-78.,2019,69-78,13,https://elibrary.ru/item.asp?id=38204154
24129373,87,ТИПЫ ПРОФЕССИОНАЛЬНОГО САМООПРЕДЕЛЕНИЯ СТУДЕНТОВ ВУЗОВ АЛТАЙСКОГО КРАЯ (ОПЫТ СОЦИОЛОГИЧЕСКОГО ИССЛЕДОВАНИЯ СТУДЕНТОВ АЛТГТУ),Бухнева Н.Ю.,"диссертация на соискание ученой степени кандидата социологических наук / Алтайский государственный технический университет им. И.И. Ползунова. Барнаул, 2008",2008,,0,https://elibrary.ru/item.asp?id=24129373
42485767,88,"THREE-PERSONAL INTERACTION IN THE SYSTEM ""LECTURER - STUDENT - TEACHER OF PHYSICAL CULTURE""","Zaitseva Yu., Novik S.",Освітологія. 2019. № 8. С. 97-102.,2019,97-102,0,https://elibrary.ru/item.asp?id=42485767
48376296,89,ТЕРМИНАЛЬНЫЕ ЦЕННОСТИ СТУДЕНТОВ - ДЕВУШЕК И СТУДЕНТОВ - ЮНОШЕЙ АГРАРНОЙ ПРОФЕССИОНАЛЬНОЙ ПОДГОТОВКИ,"Харлова Е.В., Гордиенко О.Н., Баринова Н.Г.",Russian Journal of Education and Psychology. 2022. Т. 13. № 2-2. С. 121-132.,2022,121-132,0,https://elibrary.ru/item.asp?id=48376296
74227027,90,"ЗНАЧИМОСТЬ ПРОФЕССИОНАЛЬНО-ПРИКЛАДНОЙ ФИЗИЧЕСКОЙ ПОДГОТОВКИ СТУДЕНТОВ – СТУДЕНТОВ-БАКАЛАВРОВ, ОБУЧАЮЩИХСЯ ПО СПЕЦИАЛЬНОСТИ ""ТЕХНОЛОГИЯ ТРАНСПОРТНЫХ ПРОЦЕССОВ""","Галкин В.А., Арбузов М.Н., Сычев Г.С.","В сборнике: Фундаментальные исследования в современном социокультурном пространстве. Сборник научных статей. Москва, 2024. С. 242-243.",2024,242-243,1,https://elibrary.ru/item.asp?id=74227027
21663996,91,"СРАВНИТЕЛЬНЫЙ АНАЛИЗ НАБОРА ПРОТОТИПОВ ЭМОЦИОНАЛЬНЫХ ЯВЛЕНИЯ У СТУДЕНТОВ, НЕ ПОЛУЧАЮЩИХ ПСИХОЛОГИЧЕСКОГО ОБРАЗОВАНИЯ, И СТУДЕНТОВ-ПСИХОЛОГОВ",Федосина С.С.,"В сборнике: Наука и образование в современном обществе: вектор развития. Сборник научных трудов по материалам Международной научно-практической конференции: в 7 частях. ООО ""Ар-Консалт"". 2014. С. 135-137.",2014,135-137,0,https://elibrary.ru/item.asp?id=21663996
46626111,92,"ОСОБЕННОСТИ ПРЕПОДАВАНИЯ ГИСТОФИЗИОЛОГИИ МУЖСКОЙ ПОЛОВОЙ СИСТЕМЫ СТУДЕНТАМ ФАКУЛЬТЕТА ИНОСТРАННЫХ СТУДЕНТОВ, ОБУЧАЮЩИМСЯ НА АНГЛИЙСКОМ ЯЗЫКЕ","Солодова Е.К., Угольник Т.С.","В сборнике: Актуальные проблемы медицины. Сборник научных статей Республиканской научно-практической конференции с международным участием, посвященному 30-летнему юбилею Гомельского государственного медицинского университета В 5 томах. 2020. С. 19-21.",2020,19-21,0,https://elibrary.ru/item.asp?id=46626111
30440433,93,"ПСИХОЛОГИЧЕСКИЕ ОСОБЕННОСТИ САМООТНОШЕНИЯ У СТУДЕНТОВ-СПОРТСМЕНОВ ВУЗА ВЫСШЕЙ КВАЛИФИКАЦИИ И СТУДЕНТОВ, НЕ ЗАНИМАЮЩИХСЯ СПОРТОМ",Коломийченко Е.В.,"автореферат диссертации на соискание ученой степени кандидата психологических наук / Южный федеральный университет. Ростов-на-Дону, 2017",2017,,8,https://elibrary.ru/item.asp?id=30440433
36914571,94,СОСТОЯНИЕ ЗДОРОВЬЯ СОВРЕМЕННЫХ СТУДЕНТОВ С УЧЕТОМ ВЛИЯНИЕ ОТРИЦАТЕЛЬНЫХ ФАКТОРОВ,"Сулейменов Б., Смагулова А.А., Турысбаева Н.С., Айекешов Ж.Е.",Вестник Казахского национального медицинского университета. 2015. № 2. С. 43-47.,2015,43-47,0,https://elibrary.ru/item.asp?id=36914571
59383670,95,ОЦЕНКА И МОНИТОРИНГ УСПЕХОВ СТУДЕНТОВ: КАК КУРАТОР МОЖЕТ ПОМОЧЬ СТУДЕНТАМ ДОСТИЧЬ ЛУЧШИХ РЕЗУЛЬТАТОВ,Горпенко Н.А.,Педагогическая наука и практика. 2023. № 2 (40). С. 83-84.,2023,83-84,1,https://elibrary.ru/item.asp?id=59383670
50282901,96,ОЦЕНКА ИНФОРМИРОВАННОСТИ СТУДЕНЧЕСКОЙ МОЛОДЕЖИ ПО ПРОБЛЕМАМ ВИЧ-ИНФЕКЦИИ,"Мамаев Т.М., Муйдинов Ф.Ф., Мамаджанов А.Н., Мамаев Н.Т.","Наука, новые технологии и инновации Кыргызстана. 2022. № 7. С. 111-115.",2022,111-115,0,https://elibrary.ru/item.asp?id=50282901
23349747,97,МОТИВАЦИЯ СТУДЕНТОВ НА КАЧЕСТВЕННОЕ ОБРАЗОВАНИЕ И РОЛЬ ПРЕПОДАВАТЕЛЕЙ В РАЗВИТИИ У СТУДЕНТОВ ПОЗНАВАТЕЛЬНОЙ УВЛЕЧЕННОСТИ,Дереза С.М.,В сборнике: Качество образования и инновации в аграрных вузах Дальневосточного федерального округа. материалы региональной научно-методической конференции. Приморская государственная сельскохозяйственная академия. 2007. С. 41-45.,2007,41-45,0,https://elibrary.ru/item.asp?id=23349747
38304751,98,ПЕДАГОГИЧЕСКИЕ ОСНОВАНИЯ ПРОФЕССИОНАЛЬНОЙ ПОДГОТОВКИ СТУДЕНТОВ-АКТЕРОВ (НА ПРИМЕРЕ ОБУЧЕНИЯ СТУДЕНТОВ ВГИК),Бережная М.С.,Педагогика искусства. 2019. № 2. С. 29-36.,2019,29-36,0,https://elibrary.ru/item.asp?id=38304751
43840261,99,ПРОФЕССИОНАЛЬНАЯ НАПРАВЛЕННОСТЬ ЛИЧНОСТИ СТУДЕНТА НА НАЧАЛЬНОМ ЭТАПЕ ОБУЧЕНИЯ (НА ПРИМЕРЕ СТУДЕНТОВ ТЕХНИЧЕСКОГО ВУЗА),"Крутых Е.В., Хлабыстова Н.В., Хакуз П.М., Пупкова Ю.В., Берецкая Е.А.",Евразийское Научное Объединение. 2020. № 7-5 (65). С. 362-364.,2020,362-364,2,https://elibrary.ru/item.asp?id=43840261
46650845,100,СРАВНИТЕЛЬНАЯ ОЦЕНКА ВЕРОЯТНОСТИ РАЗВИТИЯ ИНТЕРНЕТ-ЗАВИСИМОСТИ СРЕДИ СТУДЕНТОВ-ПЕРВОКУРСНИКОВ И СТУДЕНТОВ-ВЫПУСКНИКОВ,Авхачева Н.А.,Тенденции развития науки и образования. 2021. № 77-2. С. 147-151.,2021,147-151,4,https://elibrary.ru/item.asp?id=46650845
